id,name,lat,lon,symbol,timestamp_apicall
120125,Les Cernets Dessus-Pouetta Raisse,46.8609414,6.6144089,yellow::yellow_diamond,2024-11-22 15:07:04
121950,Ober Loh - Untere Alpli,47.3204765,9.032205,yellow::yellow_diamond,2024-11-22 15:07:04
121951,Untere Alpli - Obere Alpli,47.3139131,9.0340285,yellow::yellow_diamond,2024-11-22 15:07:04
121952,Unter Alpli - Schwämmli,47.3096563,9.0309978,yellow::yellow_diamond,2024-11-22 15:07:04
121955,Obere Tweralp-Untere Tweralp,47.2915794,9.0283607,red:white:red_bar,2024-11-22 15:07:04
121956,Untere Tweralp-Bodenwis,47.2808333,9.0325995,yellow::yellow_diamond,2024-11-22 15:07:04
121958,Gebertingerwald-Ricken,47.2671226,9.040902,yellow::yellow_diamond,2024-11-22 15:07:04
135975,Hadlikon - Breitenmatt,47.2819308,8.8686143,yellow::yellow_diamond,2024-11-22 15:07:04
149889,Trin - Porclis,46.8276562,9.356684,yellow::yellow_diamond,2024-11-22 15:07:04
151145,Zapfen-Diepoldsauer Schwamm,47.3076614,9.4976513,red:white:red_bar,2024-11-22 15:07:04
151146,Diepoldsauer Schwamm-Forstseeli,47.3116644,9.4949743,red:white:red_bar,2024-11-22 15:07:04
151147,Forstseeli-Bildstein,47.3208381,9.4905903,yellow::yellow_diamond,2024-11-22 15:07:04
153094,Bildstein - Eggerstanden,47.3291531,9.4794768,yellow::yellow_diamond,2024-11-22 15:07:04
157491,Damphreux-Coeuvre,47.4643414,7.0999051,yellow::yellow_diamond,2024-11-22 15:07:04
157492,Coeuvre-Sur le Mont,47.4532464,7.0910017,yellow::yellow_diamond,2024-11-22 15:07:04
157493,Sur le Mont-Montignez,47.469056,7.0695034,yellow::yellow_diamond,2024-11-22 15:07:04
157925,Altmannsattel,47.2403127,9.3686166,red:white:red_bar,2024-11-22 15:07:04
162056,Ängelburg-Chälti,46.9496846,8.3540999,yellow::yellow_diamond,2024-11-22 15:07:04
166101,Thierachern-Willerüti,46.7598806,7.5724681,yellow::yellow_diamond,2024-11-22 15:07:04
167394,Wandflue - Schwaderloch,47.5845854,8.153593,yellow::yellow_diamond,2024-11-22 15:07:04
167853,Haghütten - Egg,47.2111651,9.3491776,yellow::yellow_diamond,2024-11-22 15:07:04
168320,Bürersteig - Pt. 579,47.5237149,8.1401891,yellow::yellow_diamond,2024-11-22 15:07:04
168421,Alp Grüm-Cavaglia,46.3697229,10.0369988,red:white:red_bar,2024-11-22 15:07:04
169179,Bürersteig - Remigen,47.5209172,8.1705452,yellow::yellow_diamond,2024-11-22 15:07:04
169199,Alp Grüm-Pozzo del Drago,46.3788051,10.0309017,red:white:red_bar,2024-11-22 15:07:04
169200,Pozzo del Drago-Stazione Ospizio Bernina,46.3962758,10.0267021,red:white:red_bar,2024-11-22 15:07:04
169201,Stazione Ospizio Bernina-Spartiaque,46.4121423,10.0137134,red:white:red_bar,2024-11-22 15:07:04
169202,Spartiacque-Lej Pitschen,46.4160309,10.0048646,red:white:red_bar,2024-11-22 15:07:04
169203,Lej Pitschen-Alp da Buond Sur,46.4228898,9.9985475,red:white:red_bar,2024-11-22 15:07:04
169204,Bernina Lagalb-Talstation Diavolezza,46.4379612,9.9872077,red:white:red_bar,2024-11-22 15:07:04
169206,Alp da Buond Sur-Bernina Lagalb,46.4316523,9.9934176,red:white:red_bar,2024-11-22 15:07:04
169997,Hombergegg - Biberstein,47.4214686,8.0743602,yellow::yellow_diamond,2024-11-22 15:07:04
170847,Holzegg - Grosser Mythen,47.0292475,8.6932785,red:white:red_bar,2024-11-22 15:07:04
170849,Holzegg - Alp Zwüschet Mythen,47.0313045,8.6939265,yellow::yellow_diamond,2024-11-22 15:07:04
170850,Alp Zwüschet Mythen - Zwüschet Mythen,47.0338127,8.6863747,red:white:red_bar,2024-11-22 15:07:04
170851,Alp Zwüschet Mythen - Brunni,47.0377903,8.6965291,red:white:red_bar,2024-11-22 15:07:04
172080,Uster - Römerbrünneli,47.3501403,8.736159,yellow::yellow_diamond,2024-11-22 15:07:04
172131,Sulzerberg - Schinberg Abz.,47.5279357,8.0791207,yellow::yellow_diamond,2024-11-22 15:07:04
172132,Schinberg Abz. - Ittenthal,47.5201194,8.069606,yellow::yellow_diamond,2024-11-22 15:07:04
172223,Plaun Tgiern-Parvalsauns,46.6389767,9.0757543,red:white:red_bar,2024-11-22 15:07:04
172224,Parvalsauns-Alp Diesrut,46.6341223,9.0596659,red:white:red_bar,2024-11-22 15:07:04
172823,Camona dil Terri-Crap la Crusch,46.623075,8.9994194,red:white:red_bar,2024-11-22 15:07:04
172824,Crap la Crusch-Capanna Motterascio,46.6025949,9.0013488,red:white:red_bar,2024-11-22 15:07:04
172825,Capanna Motterascio-Garzott,46.5831004,8.9971843,red:white:red_bar,2024-11-22 15:07:04
172826,Garzott-Larecc,46.5708805,8.9899191,red:white:red_bar,2024-11-22 15:07:04
172828,Diga Luzzone-Prato di Compietto,46.5305959,8.9789582,red:white:red_bar,2024-11-22 15:07:04
175309,Albisrieden - Altstetten,47.3779717,8.4790121,yellow::yellow_diamond,2024-11-22 15:07:04
176643,Uitikon - Leerbreiti,47.3679735,8.4478256,yellow::yellow_diamond,2024-11-22 15:07:04
176645,Oberurdorf - Leerbreiti,47.3734085,8.432874,yellow::yellow_diamond,2024-11-22 15:07:04
176646,Altstetten - Stärpel,47.3865239,8.4628501,yellow::yellow_diamond,2024-11-22 15:07:04
176648,Weihermatt - Schlieren,47.38982,8.4392441,yellow::yellow_diamond,2024-11-22 15:07:04
180156,Koblenz - Acheberg,47.5969907,8.2570831,yellow::yellow_diamond,2024-11-22 15:07:04
182544,Laufböden-Wangsersee,46.9794269,9.4297457,red:white:red_bar,2024-11-22 15:07:04
182545,Wangsersee-Mugger Chamm,46.9793102,9.4223706,red:white:red_bar,2024-11-22 15:07:04
182549,Baföni-Unterlavtina,46.9661916,9.3522379,red:white:red_bar,2024-11-22 15:07:04
182550,Unterlavtina-Weisstannen,46.9814402,9.3469641,red:white:red_bar,2024-11-22 15:07:04
187023,Lägni - Balmenschachen,46.7729983,8.7465782,red:white:red_bar,2024-11-22 15:07:04
187024,Balmenschachen - Blindensee,46.7815588,8.7754817,red:white:red_bar,2024-11-22 15:07:04
187025,Blindensee-Hüflihütte (incomplete),46.794795,8.8083262,red:white:red_bar,2024-11-22 15:07:04
187026,Schafweg,46.7874793,8.8033043,blue:white:blue_bar,2024-11-22 15:07:04
187027,Hinterbalm-Cavardirashütte,46.7600689,8.8063435,red:white:red_bar,2024-11-22 15:07:04
188401,Cavardirashütte-Alp Cavrain Sut,46.7529915,8.8466774,red:white:red_bar,2024-11-22 15:07:04
188402,Alp Cavrain Sut-Punt Russein,46.741467,8.8895135,red:white:red_bar,2024-11-22 15:07:04
188403,Cumpadials-Staziun Sumvitg,46.7236843,8.9267996,red:white:red_bar,2024-11-22 15:07:04
188404,Punt Russein-Campadials,46.7219217,8.9106556,red:white:red_bar,2024-11-22 15:07:04
190837,Gätterlipass-Rigi Hochflue,47.0142772,8.5555356,blue:white:blue_bar,2024-11-22 15:07:04
192242,Gätterlipass-Egg,47.0157944,8.5638243,red:white:red_bar,2024-11-22 15:07:04
192632,Gerstelflue - Schlossruine,47.3811486,7.7586338,yellow::yellow_diamond,2024-11-22 15:07:04
192633,Gerstelflue - Rehhak,47.3786133,7.771399,yellow::yellow_diamond,2024-11-22 15:07:04
192638,Lauchflue - Geissflue,47.3741066,7.7953276,yellow::yellow_diamond,2024-11-22 15:07:04
192948,"Hellbühl, Moosschür-Schwand",47.0728553,8.2115095,yellow::yellow_diamond,2024-11-22 15:07:04
192959,Im Spitz-Spitzhof,47.0662254,8.2255817,yellow::yellow_diamond,2024-11-22 15:07:04
192960,Spitzhof - Zinggen,47.0600906,8.2084058,yellow::yellow_diamond,2024-11-22 15:07:04
192962,Im Spitz-Ob. Stächenrain,47.0725778,8.2264717,yellow::yellow_diamond,2024-11-22 15:07:04
192963,Ob. Stächenrain-Unt. Wolfisbüel,47.0768969,8.2242565,yellow::yellow_diamond,2024-11-22 15:07:04
192964,Rund um Emmen,47.0725778,8.2264717,yellow::yellow_diamond,2024-11-22 15:07:04
214477,Sennschür - Bürg,47.2692331,8.8008541,yellow::yellow_diamond,2024-11-22 15:07:04
233163,Brunni - Furggelen,47.0449579,8.7202431,red:white:red_bar,2024-11-22 15:07:04
233165,Zwäcken - Müsliegg,47.0236034,8.7177184,yellow::yellow_diamond,2024-11-22 15:07:04
233166,Müsliegg - Stäglerenweg,47.0240833,8.7100261,yellow::yellow_diamond,2024-11-22 15:07:04
233167,Stäglerenweg - Holzegg,47.0271321,8.7014096,yellow::yellow_diamond,2024-11-22 15:07:04
251677,Stockacher - Rickenbacher-Höchi,47.5000602,7.8448398,yellow::yellow_diamond,2024-11-22 15:07:04
251743,Magden-Weid,47.5290459,7.7978014,yellow::yellow_diamond,2024-11-22 15:07:04
252798,Feusisberg - Obereulen,47.191448,8.7419149,yellow::yellow_diamond,2024-11-22 15:07:04
252800,First - Fälmis,47.1906646,8.7309885,yellow::yellow_diamond,2024-11-22 15:07:04
252801,Wollerau - Fälmis,47.1938844,8.7265302,yellow::yellow_diamond,2024-11-22 15:07:04
252802,Wilen - Fälmis,47.1950267,8.7314329,yellow::yellow_diamond,2024-11-22 15:07:04
252803,Obereulen - Fälmis,47.1940771,8.7332354,yellow::yellow_diamond,2024-11-22 15:07:04
271157,Dreiwässeren - Chastenegg,47.1726683,8.7384139,yellow::yellow_diamond,2024-11-22 15:07:04
272253,Chastenegg - Peterschwändi,47.1774214,8.7296723,yellow::yellow_diamond,2024-11-22 15:07:04
272254,Schindellegi (Bhf) - Äsch,47.1788326,8.7091373,yellow::yellow_diamond,2024-11-22 15:07:04
272256,Wollerau - Sportplatz Erlen,47.1908676,8.7135647,yellow::yellow_diamond,2024-11-22 15:07:04
272257,Fälmis - Sportplatz Erlen,47.1894524,8.7152119,yellow::yellow_diamond,2024-11-22 15:07:04
273000,Rothberg - Villigen,47.5352245,8.2048976,yellow::yellow_diamond,2024-11-22 15:07:04
274466,Stierenläger-Rawilseeleni,46.3872633,7.4541798,red:white:red_bar,2024-11-22 15:07:04
274467,Rawilseeleni-Rawilpass,46.3837507,7.4602701,red:white:red_bar,2024-11-22 15:07:04
274468,Rawilpass-Wildstrubelhütte,46.3828616,7.464605,red:white:red_bar,2024-11-22 15:07:04
274489,Weisshornlücke-Pointe de la Plaine Morte,46.3755458,7.4790094,red:white:red_bar,2024-11-22 15:07:04
274490,Plaine Morte-Pointe de la Plaine Morte,46.3704645,7.4877982,red:white:red_bar,2024-11-22 15:07:04
274491,Tothorn route,46.3707834,7.495894,red:white:red_bar,2024-11-22 15:07:04
275400,Leutschen - Chrummen,47.2024162,8.7529261,yellow::yellow_diamond,2024-11-22 15:07:04
275401,Eichholz - Chrummen,47.2003567,8.7565225,yellow::yellow_diamond,2024-11-22 15:07:04
275403,Pfäffikon - Eichholz,47.2018804,8.7695393,yellow::yellow_diamond,2024-11-22 15:07:04
275404,Pfäffikon - Freienbach,47.2049935,8.767127,yellow::yellow_diamond,2024-11-22 15:07:04
275406,Pfäffikon - Pfäffikon Unterdorf,47.2055035,8.7762759,yellow::yellow_diamond,2024-11-22 15:07:04
276094,Feusisberg (Moos) - Schnäggenburg,47.1858819,8.7603604,yellow::yellow_diamond,2024-11-22 15:07:04
276095,Schnäggenburg - Strickli,47.1837327,8.7725174,yellow::yellow_diamond,2024-11-22 15:07:04
276096,Schnäggenburg - St. Meinrad,47.1799983,8.775717,yellow::yellow_diamond,2024-11-22 15:07:04
279487,Jureten - St. Meinrad,47.1719144,8.7758286,yellow::yellow_diamond,2024-11-22 15:07:04
279490,Egg - Büel,47.1693609,8.7639293,yellow::yellow_diamond,2024-11-22 15:07:04
279491,St. Meinrad - Tüfelsbrugg,47.1705071,8.7692019,yellow::yellow_diamond,2024-11-22 15:07:04
280483,Galgenchappeli - Hinterhorben,47.1566133,8.7579471,yellow::yellow_diamond,2024-11-22 15:07:04
280484,Kloster Einsiedeln - Strandbad Einsiedeln,47.1383786,8.7575924,yellow::yellow_diamond,2024-11-22 15:07:04
283632,Egg - Strandbad Einsiedeln,47.155536,8.7723368,yellow::yellow_diamond,2024-11-22 15:07:04
285445,Fionnay-Bonatchiesse,46.0264382,7.3189395,yellow::yellow_diamond,2024-11-22 15:07:04
285446,Bonatchiesse-Mauvoisin,46.0121862,7.3353701,yellow::yellow_diamond,2024-11-22 15:07:04
285447,Mauvoisin-Barrage de Mauvoisin,46.0000205,7.3427264,red:white:red_bar,2024-11-22 15:07:04
285448,Mauvoisin-Pazagnou,46.001042,7.3390405,red:white:red_bar,2024-11-22 15:07:04
285449,Pazagnou-Col des Otanes,46.0024013,7.3216154,red:white:red_bar,2024-11-22 15:07:04
285450,Col des Otanes-Panossière,45.9963668,7.305035,red:white:red_bar,2024-11-22 15:07:04
285458,Panossière-La Maye,46.0080117,7.2946114,red:white:red_bar,2024-11-22 15:07:04
285577,Galgenchappeli - Altberg,47.1525903,8.7455677,yellow::yellow_diamond,2024-11-22 15:07:04
285578,Galgenchappeli - Schwantenau,47.1563826,8.750454,yellow::yellow_diamond,2024-11-22 15:07:04
285579,Hinterhorben - Tüfelsbrugg,47.1648581,8.7636734,yellow::yellow_diamond,2024-11-22 15:07:04
285580,Hinterhorben - Schwantenau,47.1621996,8.7540981,yellow::yellow_diamond,2024-11-22 15:07:04
285582,Bennau - Altberg,47.1513385,8.731991,yellow::yellow_diamond,2024-11-22 15:07:04
286414,La Maye-Brunet,46.0238794,7.2801839,red:white:red_bar,2024-11-22 15:07:04
286417,Col de Mille-vers Servay,46.0167768,7.2148168,red:white:red_bar,2024-11-22 15:07:04
286418,Col de Mille-Erra d'en Haut,46.0092426,7.2099956,red:white:red_bar,2024-11-22 15:07:04
286419,Erra d'en Haut-Le Clou,46.002021,7.2029378,red:white:red_bar,2024-11-22 15:07:04
286420,Le Clou-Liddes,45.9954124,7.189521,yellow::yellow_diamond,2024-11-22 15:07:04
286620,Lucelle Douane - fixme,47.420331,7.2481932,yellow::yellow_diamond,2024-11-22 15:07:04
286670,Bourrignon - Lucelle Douane,47.4052343,7.2325226,yellow::yellow_diamond,2024-11-22 15:07:04
286684,Bourrignon - (fixme),47.3964227,7.2394485,yellow::yellow_diamond,2024-11-22 15:07:04
287303,Schindellegi - Schindellegi (Bhf),47.1754799,8.7109137,yellow::yellow_diamond,2024-11-22 15:07:04
287955,Bräggerhof - Waldeggli,47.1661707,8.8384524,yellow::yellow_diamond,2024-11-22 15:07:04
287956,Waldeggli - Diebishütten,47.1629025,8.8311119,yellow::yellow_diamond,2024-11-22 15:07:04
287957,Diebishütten - Stöcklichrüz,47.1606362,8.8250912,yellow::yellow_diamond,2024-11-22 15:07:04
287958,Stöcklichrüz - Müligassegg,47.1588567,8.8164774,yellow::yellow_diamond,2024-11-22 15:07:04
287959,Müligassegg - Chörnlisegg,47.1643272,8.8046856,yellow::yellow_diamond,2024-11-22 15:07:04
287961,Egg - Chlos,47.1680188,8.794776,yellow::yellow_diamond,2024-11-22 15:07:04
287962,Bilsten - Chlos,47.1775432,8.8050972,yellow::yellow_diamond,2024-11-22 15:07:04
287963,Chlos - St. Meinrad,47.1730325,8.7895142,yellow::yellow_diamond,2024-11-22 15:07:04
287965,Bilsten - Autis,47.1777067,8.8154793,yellow::yellow_diamond,2024-11-22 15:07:04
287966,Bräggerhof - Autis,47.1720541,8.8354506,yellow::yellow_diamond,2024-11-22 15:07:04
296305,Luegeten - Schnäggenburg,47.1891339,8.7740496,yellow::yellow_diamond,2024-11-22 15:07:04
296310,Bilsten - Bilsten,47.1816234,8.806892,yellow::yellow_diamond,2024-11-22 15:07:04
299131,Wollerau - Schwalbenboden,47.1972268,8.714857,yellow::yellow_diamond,2024-11-22 15:07:04
299132,Richterswil Bahnhof - Schwalbenboden,47.2038107,8.7059194,yellow::yellow_diamond,2024-11-22 15:07:04
299157,Schwantenau,47.1592322,8.7433779,yellow::yellow_diamond,2024-11-22 15:07:04
299665,Aschbach - Maur Schifflände,47.3466599,8.6698221,yellow::yellow_diamond,2024-11-22 15:07:04
299670,Greifensee - Fällanden Rohr,47.3701844,8.6630034,yellow::yellow_diamond,2024-11-22 15:07:04
299726,Unterhalden - Riedikon,47.3228115,8.7024345,yellow::yellow_diamond,2024-11-22 15:07:04
299753,Mönchaltorf - Emmat,47.3017791,8.7117603,yellow::yellow_diamond,2024-11-22 15:07:04
299773,Werrikon - Nänikon-Greifensee,47.3656125,8.6934648,yellow::yellow_diamond,2024-11-22 15:07:04
299774,Nänikon - Gutenswil,47.3776596,8.7050805,yellow::yellow_diamond,2024-11-22 15:07:04
299780,Nänikon-Greifensee - Fällanden Rohr,47.3708479,8.6688914,yellow::yellow_diamond,2024-11-22 15:07:04
299784,Schwerzenbach - Fällanden Rohr,47.3753272,8.6569492,yellow::yellow_diamond,2024-11-22 15:07:04
299785,Gfenn - Hermikon,47.3871041,8.6411758,yellow::yellow_diamond,2024-11-22 15:07:04
300454,Pfaffhausen - Lorenchopf,47.3669796,8.6094415,yellow::yellow_diamond,2024-11-22 15:07:04
300470,Degenried - Dolder,47.3715325,8.5778304,yellow::yellow_diamond,2024-11-22 15:07:04
302268,Strandbad Altendorf - Lidwil,47.1976959,8.8143401,yellow::yellow_diamond,2024-11-22 15:07:04
302269,Pfäffikon - Lidwil,47.2018647,8.7950133,yellow::yellow_diamond,2024-11-22 15:07:04
302270,Lidwil - Tal,47.1966733,8.8053769,yellow::yellow_diamond,2024-11-22 15:07:04
302271,Altendorf - Altendorf SBB,47.1940513,8.8225057,yellow::yellow_diamond,2024-11-22 15:07:04
302272,Tal - Talbachstrasse,47.193299,8.7975121,yellow::yellow_diamond,2024-11-22 15:07:04
302273,Birchweid - Talbachstrasse,47.1956316,8.7930325,yellow::yellow_diamond,2024-11-22 15:07:04
302274,Birchweid - Pfäffikon,47.1978379,8.7870303,yellow::yellow_diamond,2024-11-22 15:07:04
302275,Altendorf SBB - Gutenbrunnen,47.1918869,8.8226226,yellow::yellow_diamond,2024-11-22 15:07:04
302276,Gutenbrunnen - Tal,47.1919215,8.8104814,yellow::yellow_diamond,2024-11-22 15:07:04
302279,Tal - Flügenberg,47.1908564,8.8015262,yellow::yellow_diamond,2024-11-22 15:07:04
305924,Nossikon - Mönchaltorf,47.3258712,8.7263814,yellow::yellow_diamond,2024-11-22 15:07:04
309608,Gebenstorf - Unterwindisch,47.4815112,8.2284885,yellow::yellow_diamond,2024-11-22 15:07:04
309609,Unterwindisch-Brugg,47.4833876,8.2169011,yellow::yellow_diamond,2024-11-22 15:07:04
309632,Baden - Schartenfels,47.4741589,8.3117108,yellow::yellow_diamond,2024-11-22 15:07:04
309633,Schartenfels-Lägerensattel(Gratweg),47.4771386,8.3337808,red:white:red_bar,2024-11-22 15:07:04
309949,Sternenberg Gfell - Sternenberg Gfellacher,47.3811265,8.9350546,yellow::yellow_diamond,2024-11-22 15:07:04
311031,Witikon - Trichtenhusen,47.3551049,8.5983308,yellow::yellow_diamond,2024-11-22 15:07:04
317477,Lachen - Seestatt Altendorf,47.19209,8.8421007,yellow::yellow_diamond,2024-11-22 15:07:04
317478,Gutenbrunnen - Bilsten,47.1856135,8.8162082,yellow::yellow_diamond,2024-11-22 15:07:04
317480,Seestatt Altendorf - St. Johann,47.1895823,8.8357595,yellow::yellow_diamond,2024-11-22 15:07:04
317481,Schlipf - Autis,47.1798522,8.8262589,yellow::yellow_diamond,2024-11-22 15:07:04
319140,Lachen - Lachen,47.1900819,8.8529249,yellow::yellow_diamond,2024-11-22 15:07:04
319154,Panoramaweg March Höfe,47.1752978,8.8041773,yellow::yellow_diamond,2024-11-22 15:07:04
325044,Städtlerwald-Städtlerwald,47.1948863,8.4631434,yellow::yellow_diamond,2024-11-22 15:07:04
325046,Baregg-Blegi Süd,47.1968069,8.4664259,yellow::yellow_diamond,2024-11-22 15:07:04
325047,Blegi Süd-Blegi Nord,47.199802,8.4662251,yellow::yellow_diamond,2024-11-22 15:07:04
325048,Blegi Nord-Bibersee,47.2037337,8.468338,yellow::yellow_diamond,2024-11-22 15:07:04
345504,Chillholz - Aelmhard,47.4505474,8.0975447,yellow::yellow_diamond,2024-11-22 15:07:04
355927,Staffelegg-Herzberg,47.4350752,8.0528756,yellow::yellow_diamond,2024-11-22 15:07:04
355928,Herzberg-Bänkerjoch,47.4361763,8.0376008,yellow::yellow_diamond,2024-11-22 15:07:04
376605,Zürich Affoltern - Chatzenrüti,47.4290052,8.5036142,yellow::yellow_diamond,2024-11-22 15:07:04
379820,Suhremündung-Süffelsteg,47.4005897,8.0578466,yellow::yellow_diamond,2024-11-22 15:07:04
385143,Erlinsbach Stauwehr,47.3858635,8.0121148,yellow::yellow_diamond,2024-11-22 15:07:04
387378,Aaresteg-Weinberg,47.3968996,8.0449461,yellow::yellow_diamond,2024-11-22 15:07:04
387379,Weinberg-Alpenzeiger,47.3981546,8.0386306,yellow::yellow_diamond,2024-11-22 15:07:04
394554,Silenen-Erstfeld,46.8072628,8.6571537,yellow::yellow_diamond,2024-11-22 15:07:04
394555,Erstfeld-Attighauser Brücke,46.8416037,8.638609,yellow::yellow_diamond,2024-11-22 15:07:04
398975,Schlegel - Junkerschloss,47.497575,7.8914074,yellow::yellow_diamond,2024-11-22 15:07:04
399037,Junkerschloss - Hellikon,47.5030029,7.9121543,yellow::yellow_diamond,2024-11-22 15:07:04
399038,Junkerschloss - Chilp,47.4922201,7.9012098,yellow::yellow_diamond,2024-11-22 15:07:04
399040,Junkerschloss - Ormalingen,47.4780681,7.8894662,yellow::yellow_diamond,2024-11-22 15:07:04
399041,Chilp - Awänder,47.4875196,7.9023118,yellow::yellow_diamond,2024-11-22 15:07:04
399530,Awänder - Asphof,47.4858283,7.9046804,yellow::yellow_diamond,2024-11-22 15:07:04
399556,Kei - Rottannen,47.4806944,7.9354266,yellow::yellow_diamond,2024-11-22 15:07:04
399595,Fazedelle - Schupfart Flugplatz,47.499794,7.9528965,yellow::yellow_diamond,2024-11-22 15:07:04
400119,Zuzgen Postauto - fixme,47.5261941,7.8982993,yellow::yellow_diamond,2024-11-22 15:07:04
402986,Aschoren-Flüelen,46.8997823,8.6217725,yellow::yellow_diamond,2024-11-22 15:07:04
447216,Sportplatz Erlen - Scheerenbrugg,47.1846354,8.6971726,yellow::yellow_diamond,2024-11-22 15:07:04
531160,Solbacher - Wettacher,47.5155842,8.0807107,yellow::yellow_diamond,2024-11-22 15:07:04
531228,Solbacher - Sennhütten,47.5168655,8.100584,yellow::yellow_diamond,2024-11-22 15:07:04
532383,Pfaffenbühl - Mötschen,47.4663062,8.4254907,yellow::yellow_diamond,2024-11-22 15:07:04
532692,Biberstein - Gatter,47.4169639,8.0895819,yellow::yellow_diamond,2024-11-22 15:07:04
534494,Brücke Biberstein - Suhremündung,47.4077891,8.0747748,yellow::yellow_diamond,2024-11-22 15:07:04
538157,Unterengstringen - Altberg,47.4249284,8.4340752,yellow::yellow_diamond,2024-11-22 15:07:04
539464,Remigen - Ufem Berg,47.5085772,8.2069232,yellow::yellow_diamond,2024-11-22 15:07:04
541300,Regensberg - Linden,47.4780836,8.4317412,yellow::yellow_diamond,2024-11-22 15:07:04
543278,Vier Linden - Postautohaltestelle,47.479918,8.1592163,yellow::yellow_diamond,2024-11-22 15:07:04
546841,La Garde - Soulalex,46.0574811,7.143557,yellow::yellow_diamond,2024-11-22 15:07:04
547412,Autis - Risleten,47.1722757,8.8386881,yellow::yellow_diamond,2024-11-22 15:07:04
547413,Risleten - Nüschwändi,47.1681485,8.8542633,yellow::yellow_diamond,2024-11-22 15:07:04
547414,Schleipfenmüli - Nüschwändi,47.1725968,8.8573788,yellow::yellow_diamond,2024-11-22 15:07:04
549083,Moos - Nüschwändi,47.1685538,8.8609731,yellow::yellow_diamond,2024-11-22 15:07:04
550245,Kindhausen - Wangen,47.4068418,8.6630304,yellow::yellow_diamond,2024-11-22 15:07:04
552116,Linn-fixme,47.4739618,8.1168486,yellow::yellow_diamond,2024-11-22 15:07:04
552218,Hasenberg-Ischlag,47.3798408,8.0359982,yellow::yellow_diamond,2024-11-22 15:07:04
553849,Scherenbrugg - Örischwand,47.1747114,8.686351,yellow::yellow_diamond,2024-11-22 15:07:04
553850,Örischwand - Rossberg,47.1708877,8.6870042,yellow::yellow_diamond,2024-11-22 15:07:04
557796,Pt. 579 - Sennhütten,47.516106,8.1223194,yellow::yellow_diamond,2024-11-22 15:07:04
558405,Grabenegg - Grabenegg,47.1623169,8.8573751,yellow::yellow_diamond,2024-11-22 15:07:04
562604,Oberdorf-Alpenblick,46.9676691,8.5852038,yellow::yellow_diamond,2024-11-22 15:07:04
562605,Alpenblick-Kapelle,46.9697441,8.586082,yellow::yellow_diamond,2024-11-22 15:07:04
562606,Brunni-Waldweidli,46.9606112,8.5838634,yellow::yellow_diamond,2024-11-22 15:07:04
562607,Bauen-Schloss Beroldingen,46.9454565,8.579617,yellow::yellow_diamond,2024-11-22 15:07:04
562613,Waldweidli-Oberdorf,46.9641436,8.5868162,yellow::yellow_diamond,2024-11-22 15:07:04
563332,Aarau - Gönert,47.3819468,8.0575535,yellow::yellow_diamond,2024-11-22 15:07:04
563407,Ruchweid - Teufruns Parkplatz,47.1518943,8.8600303,yellow::yellow_diamond,2024-11-22 15:07:04
569006,Baar Dorfstrasse - Inwil,47.1881028,8.5281562,yellow::yellow_diamond,2024-11-22 15:07:04
569007,Baar-Baar SBB,47.1970438,8.530308,yellow::yellow_diamond,2024-11-22 15:07:04
569008,Deinikon - Schlüsseli,47.2045033,8.5392469,yellow::yellow_diamond,2024-11-22 15:07:04
569010,Loreto-Zug SBB,47.1726252,8.5197036,yellow::yellow_diamond,2024-11-22 15:07:04
569011,Walterswi-Unter Büessikon,47.2118123,8.5576738,yellow::yellow_diamond,2024-11-22 15:07:04
569013,Utigen-Ruessen,47.2125682,8.5661145,yellow::yellow_diamond,2024-11-22 15:07:04
569266,Rümlang - Schlosswinkel,47.4578037,8.5348967,yellow::yellow_diamond,2024-11-22 15:07:04
570147,Sulzerberg - Sulz fixme,47.5328825,8.0885379,yellow::yellow_diamond,2024-11-22 15:07:04
570154,Rütihof - Kaisten,47.5422169,8.055541,yellow::yellow_diamond,2024-11-22 15:07:04
570378,Hasle-Rüegsau/Station - Rüegsau,47.0207664,7.6651259,yellow::yellow_diamond,2024-11-22 15:07:04
574672,Valangin - Le Gibet (sentier des gorges),47.0100978,6.9026969,yellow::yellow_diamond,2024-11-22 15:07:04
574673,Valangin - Le Gibet (par les Esserts),47.0106073,6.90168,yellow::yellow_diamond,2024-11-22 15:07:04
575396,Obere Egg - Wil Gemeindehaus Postauto,47.5648043,8.1490678,yellow::yellow_diamond,2024-11-22 15:07:04
593710,Aarau-Hasenberg,47.3877993,8.0452411,yellow::yellow_diamond,2024-11-22 15:07:04
593711,Hasenberg-,47.3814723,8.0341943,yellow::yellow_diamond,2024-11-22 15:07:04
611412,Tuggner Hüttli - Sattelegg,47.1344888,8.8564362,yellow::yellow_diamond,2024-11-22 15:07:04
611416,Bräggerhof - Rindereggli,47.1560838,8.8401306,yellow::yellow_diamond,2024-11-22 15:07:04
611417,Stalden - Staldenhöhe,47.1625411,8.8857466,yellow::yellow_diamond,2024-11-22 15:07:04
660640,Steinwänd - Alp Pfiiffegg,47.1472608,8.8696605,yellow::yellow_diamond,2024-11-22 15:07:04
660641,Gschwänd - Ruchweid,47.1567036,8.8708384,yellow::yellow_diamond,2024-11-22 15:07:04
898755,Heuberg - Rütihof Restaurant,47.5448818,8.068533,yellow::yellow_diamond,2024-11-22 15:07:04
906584,Rickental - Rindereggli,47.1409702,8.8258727,yellow::yellow_diamond,2024-11-22 15:07:04
906585,Sunnberg - Summerig,47.1412497,8.8048612,yellow::yellow_diamond,2024-11-22 15:07:04
906590,Willerzell - Geissweidli,47.1260964,8.800102,yellow::yellow_diamond,2024-11-22 15:07:04
906689,Stapfen-Postplatz,47.446782,9.5359416,yellow::yellow_diamond,2024-11-22 15:07:04
906778,Eschenhau - Burghalde,47.7515643,8.5228633,yellow::yellow_diamond,2024-11-22 15:07:04
906779,Strickhof - fixme,47.7526282,8.5164362,yellow::yellow_diamond,2024-11-22 15:07:04
906780,Strickhof - fixme,47.7496918,8.5162423,yellow::yellow_diamond,2024-11-22 15:07:04
906781,Burghalde - Strickhof,47.7512234,8.5186763,yellow::yellow_diamond,2024-11-22 15:07:04
906786,Col Fenêtre - Mont Avril,45.9129015,7.3503425,red:white:red_bar,2024-11-22 15:07:04
906800,Lac du Petit Mont-Fort - Col de la Chaux,46.073335,7.3150976,red:white:red_bar,2024-11-22 15:07:04
912416,Abzweig Lei de Palpuogne-Alorabrücke,46.5857498,9.775885,red:white:red_bar,2024-11-22 15:07:04
912422,hiking,46.6123944,9.7569893,red:white:red_bar,2024-11-22 15:07:04
912423,Naz-Bergün,46.6102897,9.7550967,red:white:red_bar,2024-11-22 15:07:04
916753,Linn - Effingen,47.4794105,8.1153498,yellow::yellow_diamond,2024-11-22 15:07:04
916845,Staldenhöhe - Sonne (Vorderthal),47.145521,8.888491,yellow::yellow_diamond,2024-11-22 15:07:04
919469,Tengia- Calonico,46.4581951,8.8369361,red:white:red_bar,2024-11-22 15:07:04
933627,Sattelegg - Egg,47.1207319,8.8475228,yellow::yellow_diamond,2024-11-22 15:07:04
934991,Stöcklichrüz - Gueteregg,47.1544529,8.8217867,yellow::yellow_diamond,2024-11-22 15:07:04
936647,Les Coperies-Jurahaus,47.1665586,7.189822,yellow::yellow_diamond,2024-11-22 15:07:04
936714,Vue des Alpes-Cernier,47.0668359,6.8779014,yellow::yellow_diamond,2024-11-22 15:07:04
951210,Grande Ecoeurne-Signal du Lessy,46.9460451,6.7737,yellow::yellow_diamond,2024-11-22 15:07:04
951211,Pré au Favre-Le Lessy,46.9382563,6.7580923,yellow::yellow_diamond,2024-11-22 15:07:04
951656,Oberbützberg,47.1670542,7.7559974,yellow::yellow_diamond,2024-11-22 15:07:04
951747,Freienstein - Rüedi,47.5333485,8.5901609,yellow::yellow_diamond,2024-11-22 15:07:04
953351,Rägeten-St. Verena,47.163409,8.5281848,yellow::yellow_diamond,2024-11-22 15:07:04
953356,Steren-Unter Brunegg,47.1594571,8.5451688,yellow::yellow_diamond,2024-11-22 15:07:04
953374,Rossberg - Dreiländerstein,47.1673008,8.6920709,yellow::yellow_diamond,2024-11-22 15:07:04
953378,Schindellegi - Rossberg,47.1716603,8.7026323,yellow::yellow_diamond,2024-11-22 15:07:04
953472,RütschelenWil - Spiegelberg,47.1680804,7.7735695,yellow::yellow_diamond,2024-11-22 15:07:04
953476,Rütschelen - Spiegelberg,47.1721996,7.7754337,yellow::yellow_diamond,2024-11-22 15:07:04
953477,Bleienbach-Oberbützberg,47.1743604,7.7557992,yellow::yellow_diamond,2024-11-22 15:07:04
953501,Puntraschigna Laret-Staziun,46.4916508,9.8997459,red:white:red_bar,2024-11-22 15:07:04
954234,Berg-Rütschelen,47.178331,7.7782688,yellow::yellow_diamond,2024-11-22 15:07:04
959567,Schwyzerbrüggli - Bennau,47.1492735,8.7231041,yellow::yellow_diamond,2024-11-22 15:07:04
959568,Bibersteg - Gutsch-Säge,47.1430171,8.6923888,yellow::yellow_diamond,2024-11-22 15:07:04
959572,Bennau - Chatzenstrick,47.142533,8.7261078,yellow::yellow_diamond,2024-11-22 15:07:04
959573,Dritte Altmatt - Chatzenstrick,47.1338685,8.7088573,yellow::yellow_diamond,2024-11-22 15:07:04
960019,Unteriberg-Stöcken - Minsterbrücke,47.0713001,8.8108015,yellow::yellow_diamond,2024-11-22 15:07:04
960020,Euthal - Gruob,47.093331,8.8194742,yellow::yellow_diamond,2024-11-22 15:07:04
960026,Wisstannen - Wisstannen-Weid,47.08833,8.8521432,yellow::yellow_diamond,2024-11-22 15:07:04
960027,Studen - Haldeli,47.0757646,8.8374605,yellow::yellow_diamond,2024-11-22 15:07:04
960028,Euthal - Minsterbrücke,47.0901801,8.816009,yellow::yellow_diamond,2024-11-22 15:07:04
960029,Minsterbrücke - Steinbach,47.0908527,8.8031424,yellow::yellow_diamond,2024-11-22 15:07:04
960032,Ruestel - Euthal,47.0994039,8.8063318,yellow::yellow_diamond,2024-11-22 15:07:04
960033,Studen - Unteriberg-Stöcken,47.0676342,8.8188524,yellow::yellow_diamond,2024-11-22 15:07:04
960798,Schluecht-Oberbützberg,47.1681478,7.7520434,yellow::yellow_diamond,2024-11-22 15:07:04
961823,"Chemins pédestre de montagne, région Entremont",46.0281729,7.0906814,red:white:red_bar,2024-11-22 15:07:04
964805,Berkenbrücke,47.2311189,7.7063528,yellow::yellow_diamond,2024-11-22 15:07:04
964806,Stadönz-Berkenbrücke,47.2279802,7.7129684,yellow::yellow_diamond,2024-11-22 15:07:04
967596,Monti - Termine,46.1516526,8.6674707,red:white:red_bar,2024-11-22 15:07:04
967597,Monti - Rasa,46.1546416,8.6591842,red:white:red_bar,2024-11-22 15:07:04
971649,Bleienbach-Lotzwil,47.189876,7.7711593,yellow::yellow_diamond,2024-11-22 15:07:04
1014859,Chrätzer - Hundwileren,47.1298044,8.7152123,yellow::yellow_diamond,2024-11-22 15:07:04
1015443,Eschenberg Sternwarte - Sennhof,47.4712861,8.7509436,yellow::yellow_diamond,2024-11-22 15:07:04
1016374,Dominolochsteg - Dominolochsteg,47.3338104,8.3491498,yellow::yellow_diamond,2024-11-22 15:07:04
1016391,Dominolochsteg - Kraftwerk Bremgarten-Zufikon,47.3388992,8.3435459,yellow::yellow_diamond,2024-11-22 15:07:04
1016447,Oberlangenhard - Hand,47.4583472,8.8277306,yellow::yellow_diamond,2024-11-22 15:07:04
1016448,Sennhof – Kollbrunn,47.4609938,8.7657598,yellow::yellow_diamond,2024-11-22 15:07:04
1016449,Kollbrunn Bhf. – Kollbrunn,47.456658,8.7741795,yellow::yellow_diamond,2024-11-22 15:07:04
1016501,Bremgarten - Erdmannlistein,47.3477865,8.3287314,yellow::yellow_diamond,2024-11-22 15:07:04
1016547,Ruchegg - Windwurf,47.1066064,8.7046064,yellow::yellow_diamond,2024-11-22 15:07:04
1016548,Ronenegg - Ruchegg,47.1001785,8.7018479,yellow::yellow_diamond,2024-11-22 15:07:04
1021340,Dritte Altmatt - Bubrugg,47.1259048,8.6860345,yellow::yellow_diamond,2024-11-22 15:07:04
1023188,Einsiedeln Bahnhof - Schwyzeren,47.1239406,8.7273015,yellow::yellow_diamond,2024-11-22 15:07:04
1023190,Einsiedeln Bahnhof - Kloster Einsiedeln,47.1272022,8.7474225,yellow::yellow_diamond,2024-11-22 15:07:04
1028990,Col de Tsofeiret - Col de la lire rose,45.9596009,7.3856914,red:white:red_bar,2024-11-22 15:07:04
1046944,Salzläcki - Rosenhöchi,47.0924689,8.8699393,red:white:red_bar,2024-11-22 15:07:04
1046945,Heitligeer - Wisstannen,47.0906727,8.8419044,yellow::yellow_diamond,2024-11-22 15:07:04
1046946,Euthal - vord. Chrumfluh,47.0992799,8.829114,red:white:red_bar,2024-11-22 15:07:04
1046948,Euthal - Heitligeer,47.0948663,8.824616,yellow::yellow_diamond,2024-11-22 15:07:04
1046950,Vord. Chrumfluh - Wildegg,47.1012414,8.85311,red:white:red_bar,2024-11-22 15:07:04
1066159,Waldhaus Wölflinswil - Strihen - Pt. 866.7 m,47.4523937,8.0295255,yellow::yellow_diamond,2024-11-22 15:07:04
1066472,Leimiswil - Wystägen,47.1489269,7.7745216,yellow::yellow_diamond,2024-11-22 15:07:04
1071128,Iberig / Iflue - Siggenthal Station,47.5167472,8.2455631,yellow::yellow_diamond,2024-11-22 15:07:04
1071129,Iberig / Iflue - Rotchrütz,47.5129836,8.2510618,yellow::yellow_diamond,2024-11-22 15:07:04
1074574,Maroz Dora-Casaccia,46.3926181,9.6565543,red:white:red_bar,2024-11-22 15:07:04
1074663,Crap Alv-Lai da Palpuoga,46.5816833,9.7910439,red:white:red_bar,2024-11-22 15:07:04
1074664,Palüd Marscha-Crap Alv,46.5719686,9.805333,red:white:red_bar,2024-11-22 15:07:04
1075010,Düdingen - Düdingen Station,46.8510143,7.189277,yellow::yellow_diamond,2024-11-22 15:07:04
1076354,Gir dals Lais,46.7309714,10.1329427,red:white:red_bar,2024-11-22 15:07:04
1076357,Zernez-Macun,46.7130286,10.1129266,red:white:red_bar,2024-11-22 15:07:04
1079460,Bärlaui - Egg,47.1111334,8.8513368,yellow::yellow_diamond,2024-11-22 15:07:04
1079461,Euthal - Chrummflüeli,47.1005658,8.8295147,yellow::yellow_diamond,2024-11-22 15:07:04
1083305,Ruestel - Chrähwäldli,47.1088448,8.8143676,red:white:red_bar,2024-11-22 15:07:04
1099822,Risch - Brüglen,47.1331175,8.4601659,yellow::yellow_diamond,2024-11-22 15:07:04
1099823,Buonas-Brüglen,47.1367533,8.4541321,yellow::yellow_diamond,2024-11-22 15:07:04
1099824,Obertal-Michaelskreuz,47.1177577,8.4225763,yellow::yellow_diamond,2024-11-22 15:07:04
1099825,Udligenswil - Schiffmannshof,47.0981513,8.4059941,yellow::yellow_diamond,2024-11-22 15:07:04
1099828,Meierskappel-Oberstenhof,47.1229511,8.4371426,yellow::yellow_diamond,2024-11-22 15:07:04
1099829,Brüglen-Meierskappel,47.1279068,8.4473392,yellow::yellow_diamond,2024-11-22 15:07:04
1099830,Schiffmannshof - Root,47.1103119,8.3995807,yellow::yellow_diamond,2024-11-22 15:07:04
1099831,Schiffmannshof-Udligenswil,47.0981513,8.4040908,yellow::yellow_diamond,2024-11-22 15:07:04
1099833,Udligenswil-Stegmatt,47.0856295,8.3957845,yellow::yellow_diamond,2024-11-22 15:07:04
1101501,Windisch Gemeindehaus - Unterwindisch,47.48032,8.221623,yellow::yellow_diamond,2024-11-22 15:07:04
1101703,Col de l'Aiguillon-Grange Neuve,46.7858329,6.4714205,yellow::yellow_diamond,2024-11-22 15:07:04
1101705,La Gittaz-Col de l'Aigullon,46.8028128,6.4718952,yellow::yellow_diamond,2024-11-22 15:07:04
1102705,Grottes de l'Orbe - Mont d'Orzeires,46.6964263,6.3413666,yellow::yellow_diamond,2024-11-22 15:07:04
1102706,Mont d'Orzeires-Saigne Geret,46.6902912,6.3419512,yellow::yellow_diamond,2024-11-22 15:07:04
1102708,Ballaigues-Vallorbe,46.7211173,6.3932868,yellow::yellow_diamond,2024-11-22 15:07:04
1102709,La Besonne-Ballaigues,46.7313031,6.4177203,yellow::yellow_diamond,2024-11-22 15:07:04
1107961,Vermigel - Maighelspass,46.5956026,8.6720177,red:white:red_bar,2024-11-22 15:07:04
1107963,Hospental Dorf - Bahnhof,46.6200773,8.5694547,red:white:red_bar,2024-11-22 15:07:04
1108177,Andermatt-Rüssenbiel,46.6323987,8.5872611,yellow::yellow_diamond,2024-11-22 15:07:04
1108178,St. Annawald-Rüssenbiel,46.6237256,8.5767416,red:white:red_bar,2024-11-22 15:07:04
1115019,Gelmersee - Bergstation Gelmerbahn,46.6142648,8.3206858,yellow::yellow_diamond,2024-11-22 15:07:04
1115020,Gelmersee - Gelmersee,46.6121419,8.3214757,red:white:red_bar,2024-11-22 15:07:04
1115784,Puntraschigna - Roseg,46.4642252,9.8833797,red:white:red_bar,2024-11-22 15:07:04
1115799,Roseg - Chamanna Coaz,46.4107068,9.8480508,red:white:red_bar,2024-11-22 15:07:04
1119263,Schenkenberghöf - Thalheim,47.4405297,8.1019141,yellow::yellow_diamond,2024-11-22 15:07:04
1129040,Alp Sursass - Sesvennahütte AVS,46.744358,10.4259063,red:white:red_bar,2024-11-22 15:07:04
1140621,Lünschberg - Wäckerschwend,47.1256579,7.7360234,yellow::yellow_diamond,2024-11-22 15:07:04
1153445,Ächtelmatt - Anwil,47.4551007,7.9435793,yellow::yellow_diamond,2024-11-22 15:07:04
1153446,Parkplatz Ebnet - Anwil,47.4598106,7.940067,yellow::yellow_diamond,2024-11-22 15:07:04
1153519,Balliswil - Garmiswil,46.8334354,7.1778629,yellow::yellow_diamond,2024-11-22 15:07:04
1153520,Kastels - Balliswil,46.8261222,7.1781449,yellow::yellow_diamond,2024-11-22 15:07:04
1161892,Düdingen Station - Schüracher,46.8534537,7.1964583,yellow::yellow_diamond,2024-11-22 15:07:04
1171819,Zelgli - Jetschwil,46.8375829,7.2027284,yellow::yellow_diamond,2024-11-22 15:07:04
1174051,Aelpli Süd-Hirzegg,47.3472127,8.9776226,yellow::yellow_diamond,2024-11-22 15:07:04
1174053,Breitenmatt P-Orüti,47.3426309,8.939302,yellow::yellow_diamond,2024-11-22 15:07:04
1174054,Hirzegg-Schwamm,47.3325174,8.9771271,red:white:red_bar,2024-11-22 15:07:04
1175852,Untere Läger-Augstbordpass,46.2052002,7.7749278,red:white:red_bar,2024-11-22 15:07:04
1175854,Jungu-Untere Läger,46.1980333,7.7907145,red:white:red_bar,2024-11-22 15:07:04
1175857,St. Niklaus - Jungu,46.1863637,7.7998812,red:white:red_bar,2024-11-22 15:07:04
1175989,Düdingen - Garmiswil,46.844776,7.1792425,yellow::yellow_diamond,2024-11-22 15:07:04
1176171,Lac de la Bella Tola-Bella Tola,46.2380923,7.648351,red:white:red_bar,2024-11-22 15:07:04
1176173,Gruben-Meidpass,46.2167443,7.6833722,red:white:red_bar,2024-11-22 15:07:04
1176174,Toûno-Hôtel Weisshorn,46.209596,7.6250345,red:white:red_bar,2024-11-22 15:07:04
1177699,Oberflamatt - Flamatt / Station,46.8906955,7.3244442,yellow::yellow_diamond,2024-11-22 15:07:04
1177700,Riederbachbrücke - Oberflamatt,46.8898881,7.3411904,yellow::yellow_diamond,2024-11-22 15:07:04
1179923,Felliwil - Schlattli,46.8645562,7.1911993,yellow::yellow_diamond,2024-11-22 15:07:04
1179924,Schlattli - Schiffenen / Camping,46.8767477,7.1955502,yellow::yellow_diamond,2024-11-22 15:07:04
1179926,Schiffenen / Camping - Schiffenen / Staumauer,46.879819,7.1935344,yellow::yellow_diamond,2024-11-22 15:07:04
1181053,Sommerauhöchi - Obermettlen,46.8624932,7.335348,yellow::yellow_diamond,2024-11-22 15:07:04
1182709,Flamatt Dorf - Flamatt Sport,46.8907809,7.3129555,yellow::yellow_diamond,2024-11-22 15:07:04
1182710,Flamatt - Flamatt Dorf,46.8893084,7.316308,yellow::yellow_diamond,2024-11-22 15:07:04
1184445,Schmitten Station - Niedermuhren,46.8520654,7.2649534,yellow::yellow_diamond,2024-11-22 15:07:04
1187829,Ottisberg - Felliwil,46.8569854,7.1771146,yellow::yellow_diamond,2024-11-22 15:07:04
1191632,Giro della Valle del Salto,46.2566404,8.7188517,red:white:red_bar,2024-11-22 15:07:04
1191639,Sentiero Monte di Comino,46.1778055,8.6740951,red:white:red_bar,2024-11-22 15:07:04
1192613,Staffelegg Parkplatz - Hombergegg,47.4322399,8.0682386,yellow::yellow_diamond,2024-11-22 15:07:04
1192914,Veltheimerberg - Gisliflue,47.4227493,8.1226746,yellow::yellow_diamond,2024-11-22 15:07:04
1193107,Thalheim - Gatter,47.4295336,8.0967261,yellow::yellow_diamond,2024-11-22 15:07:04
1197919,Aussichtspunkt Strihen - Strihen - Pt. 866.7 m,47.4514937,8.0326917,yellow::yellow_diamond,2024-11-22 15:07:04
1201122,Pont Bochet - Sierne Veyrier,46.1949076,6.1992532,yellow::yellow_diamond,2024-11-22 15:07:04
1207912,Utenberg - St. Anna,47.0610566,8.3269389,yellow::yellow_diamond,2024-11-22 15:07:04
1207913,Adligenswil-Talacheri,47.0694716,8.3587646,yellow::yellow_diamond,2024-11-22 15:07:04
1207914,St. Anna - Luzern,47.0556269,8.3171853,yellow::yellow_diamond,2024-11-22 15:07:04
1214650,Puplinge - Grand Cara,46.2101676,6.2411192,yellow::yellow_diamond,2024-11-22 15:07:04
1214654,Grand Cara - Presinge,46.2172043,6.2501881,yellow::yellow_diamond,2024-11-22 15:07:04
1214665,Les Bois d'Ornaz - Juvigny,46.2189562,6.2789808,yellow::yellow_diamond,2024-11-22 15:07:04
1214668,Monniaz - Les Arales,46.2449451,6.3075353,yellow::yellow_diamond,2024-11-22 15:07:04
1214671,Prés de Villette - Les Arales,46.2518898,6.3007214,yellow::yellow_diamond,2024-11-22 15:07:04
1214673,Les Longerayes - Prés de Villette,46.2503633,6.2868754,yellow::yellow_diamond,2024-11-22 15:07:04
1214857,Talweiher - Talweiher,47.4507933,7.9290308,yellow::yellow_diamond,2024-11-22 15:07:04
1214999,Choulex - Les Montagnys,46.2254819,6.2305591,yellow::yellow_diamond,2024-11-22 15:07:04
1215013,Cologny - Chougny,46.217686,6.1862895,yellow::yellow_diamond,2024-11-22 15:07:04
1215014,Chougny - Pressy,46.2249258,6.2008688,yellow::yellow_diamond,2024-11-22 15:07:04
1215017,Pressy - Chevrier,46.2241762,6.2128665,yellow::yellow_diamond,2024-11-22 15:07:04
1215065,Vésenaz - Pressy,46.23329,6.2008263,yellow::yellow_diamond,2024-11-22 15:07:04
1215122,Anières Port - Anières,46.2764992,6.2247804,yellow::yellow_diamond,2024-11-22 15:07:04
1215134,Anières - Chevrens,46.2794502,6.2331323,yellow::yellow_diamond,2024-11-22 15:07:04
1215161,Chevrens - Les Lombards,46.2808684,6.2425991,yellow::yellow_diamond,2024-11-22 15:07:04
1215164,Hermance - Chevrens,46.2931222,6.2422327,yellow::yellow_diamond,2024-11-22 15:07:04
1215193,Hermance - Les Lombards (F),46.2998238,6.2492008,yellow::yellow_diamond,2024-11-22 15:07:04
1215463,Heitenried - Winterlingen,46.8246204,7.2946062,yellow::yellow_diamond,2024-11-22 15:07:04
1215572,Sodbachbrücke,46.825182,7.3195507,yellow::yellow_diamond,2024-11-22 15:07:04
1215573,Sodbachbrücke - Torenöli,46.8264628,7.3254767,yellow::yellow_diamond,2024-11-22 15:07:04
1228446,refuge du Bisse-Vercorin,46.2490954,7.520086,yellow::yellow_diamond,2024-11-22 15:07:04
1228448,L'Ar du Tsan-La Lé,46.2093392,7.509419,red:white:red_bar,2024-11-22 15:07:04
1228450,La Lé-refuge du Bisse,46.2290109,7.5118155,yellow::yellow_diamond,2024-11-22 15:07:04
1228452,Les Planards-L'Ar du Tsan,46.2195117,7.5174674,yellow::yellow_diamond,2024-11-22 15:07:04
1228954,Les Tsâblos-Vercorin,46.2489979,7.5188365,yellow::yellow_diamond,2024-11-22 15:07:04
1228955,Brie-Chapelle du Bouillet,46.2610026,7.5228374,yellow::yellow_diamond,2024-11-22 15:07:04
1228956,Mayens de Réchy-Les Tsâblos,46.2341361,7.5090496,yellow::yellow_diamond,2024-11-22 15:07:04
1229493,Allmend - Sodbachbrücke,46.8260508,7.3150123,yellow::yellow_diamond,2024-11-22 15:07:04
1229494,Heitenried - Allmend,46.8265538,7.3068874,yellow::yellow_diamond,2024-11-22 15:07:04
1229507,Allmend - Hinter Schönfels,46.8311909,7.3191259,yellow::yellow_diamond,2024-11-22 15:07:04
1229565,Niedermuhren - Heitenried,46.833819,7.2893011,yellow::yellow_diamond,2024-11-22 15:07:04
1230524,Veyrier - téléphérique du Salève,46.1669286,6.1874233,yellow::yellow_diamond,2024-11-22 15:07:04
1230603,Sierne Veyrier - Le Bois de Pins,46.1772601,6.1777808,yellow::yellow_diamond,2024-11-22 15:07:04
1230610,Place Verte - Grande Tuillière,46.1657084,6.1587091,yellow::yellow_diamond,2024-11-22 15:07:04
1230658,Carouge place Sigismond - Pinchat,46.1784413,6.1496004,yellow::yellow_diamond,2024-11-22 15:07:04
1230677,De Staël - Place Verte,46.1712159,6.1438026,yellow::yellow_diamond,2024-11-22 15:07:04
1236926,St. Antoni - Weissenbach,46.8182786,7.2576192,yellow::yellow_diamond,2024-11-22 15:07:04
1241493,Pra du taillour-Pas de l'ours,46.3192746,7.4557603,yellow::yellow_diamond,2024-11-22 15:07:04
1241494,Cran - Er de Chermignon (Ancien bisse du Ro),46.3244832,7.4615658,red:white:red_bar,2024-11-22 15:07:04
1242999,Zigflue - Zeglingen,47.4178924,7.9136984,yellow::yellow_diamond,2024-11-22 15:07:04
1243146,Motta Naluns-Prui,46.808271,10.2601484,red:white:red_bar,2024-11-22 15:07:04
1244102,Pas de l'Illsee-Illhorn,46.2603623,7.6166314,red:white:red_bar,2024-11-22 15:07:04
1244103,Chandolin-St Luc,46.2361455,7.6003376,yellow::yellow_diamond,2024-11-22 15:07:04
1244107,Cabane de l'Ilhorn-Chandolin,46.2540489,7.59528,yellow::yellow_diamond,2024-11-22 15:07:04
1249529,Villarsel-sur-Marly - Stersmühle,46.7667663,7.1800676,yellow::yellow_diamond,2024-11-22 15:07:04
1250491,Lammetholz - Burgflue,47.4502893,7.980338,yellow::yellow_diamond,2024-11-22 15:07:04
1271073,Distelberg - Oberholz,47.3775639,8.0416643,yellow::yellow_diamond,2024-11-22 15:07:04
1271074,Alpenzeiger- Niedererlinsbach,47.398082,8.0225316,yellow::yellow_diamond,2024-11-22 15:07:04
1283023,Murten/Station - Salvenach,46.9193767,7.1325499,yellow::yellow_diamond,2024-11-22 15:07:04
1283024,Auriedsteg,46.8972871,7.2176056,yellow::yellow_diamond,2024-11-22 15:07:04
1283025,Murten / Station - Murten Schiffstation,46.9281567,7.1166883,yellow::yellow_diamond,2024-11-22 15:07:04
1290431,Sommêtres - Muriaux halte CJ,47.2406145,6.9773989,yellow::yellow_diamond,2024-11-22 15:07:04
1290724,Goumois,47.2615567,6.9510307,yellow::yellow_diamond,2024-11-22 15:07:04
1305496,Chur-Felsberg,46.8488883,9.496969,yellow::yellow_diamond,2024-11-22 15:07:04
1348718,Peseux (temple) - Corcelles,46.9863581,6.8843015,yellow::yellow_diamond,2024-11-22 15:07:04
1379231,Dürrenberg - Schwizerboden,47.3648397,7.7473641,yellow::yellow_diamond,2024-11-22 15:07:04
1380328,Helfenberg - Helfenberg,47.3569001,7.7392516,yellow::yellow_diamond,2024-11-22 15:07:04
1380329,Helfenberg - Ober Hauenstein,47.3551108,7.7509524,yellow::yellow_diamond,2024-11-22 15:07:04
1384915,Märstetten - Ottoberg,47.5891119,9.0774596,yellow::yellow_diamond,2024-11-22 15:07:04
1384916,Weinfelden - Ottoberg,47.5806743,9.0960434,yellow::yellow_diamond,2024-11-22 15:07:04
1384951,Weinfelden - Stelzenhof,47.5748843,9.1136437,yellow::yellow_diamond,2024-11-22 15:07:04
1390084,Hauptwil - Hudelmoos,47.4960172,9.2751244,yellow::yellow_diamond,2024-11-22 15:07:04
1396286,Dattenhueb - Stelzenhof,47.5835388,9.1119965,yellow::yellow_diamond,2024-11-22 15:07:04
1396287,Märstetten - Amlikon,47.5787785,9.0576169,yellow::yellow_diamond,2024-11-22 15:07:04
1396288,Bussnang - Wetzikon,47.5479169,9.0418527,yellow::yellow_diamond,2024-11-22 15:07:04
1401626,St. Antoni - Niedermonten,46.822624,7.2668171,yellow::yellow_diamond,2024-11-22 15:07:04
1401627,Winterlingen - Niedermonten,46.8254493,7.2794361,yellow::yellow_diamond,2024-11-22 15:07:04
1412077,Riffenmatt - Hiterm Grat,46.7605767,7.3556822,yellow::yellow_diamond,2024-11-22 15:07:04
1421400,"Chemin pédestre de montagne, région Martigny",46.0972134,7.0798455,red:white:red_bar,2024-11-22 15:07:04
1423347,Freiburg St. Barthelemy - Schönberg,46.8087867,7.1728473,yellow::yellow_diamond,2024-11-22 15:07:04
1423348,Maggenberg - Tafers,46.8118756,7.2147317,yellow::yellow_diamond,2024-11-22 15:07:04
1423938,Kempten - Rosinli,47.3391928,8.8192956,yellow::yellow_diamond,2024-11-22 15:07:04
1437164,Nunningerberg - fixme,47.3800048,7.6215111,yellow::yellow_diamond,2024-11-22 15:07:04
1437270,Schnäggenrein - fixme,47.3786905,7.6183521,yellow::yellow_diamond,2024-11-22 15:07:04
1437355,Foggel - Alt Sennhus,47.3798545,7.6141874,yellow::yellow_diamond,2024-11-22 15:07:04
1482555,Campagna-Bonaduz (via Gurgs),46.8159216,9.3904622,yellow::yellow_diamond,2024-11-22 15:07:04
1482557,Lag-Sigl Ault,46.8031111,9.3697873,red:white:red_bar,2024-11-22 15:07:04
1482613,Bonaduz-Lag,46.8092494,9.3919156,yellow::yellow_diamond,2024-11-22 15:07:04
1482614,Sigl Ault - Brücke Versamer Tobel,46.7968017,9.3477847,red:white:red_bar,2024-11-22 15:07:04
1482730,Carrera-Valendas,46.78995,9.2888127,red:white:red_bar,2024-11-22 15:07:04
1504264,Thusis-Rongellen,46.6872239,9.4464064,red:white:red_bar,2024-11-22 15:07:04
1507598,Lorenzo-?,46.8734378,8.6813181,red:white:red_bar,2024-11-22 15:07:04
1525335,Küttigen - Herrenmatt,47.4230769,8.0412166,yellow::yellow_diamond,2024-11-22 15:07:04
1525743,Egghalden - Cholwald,47.4306293,8.0041697,yellow::yellow_diamond,2024-11-22 15:07:04
1532660,Bösingen - Auriedsteg,46.8968865,7.2270695,yellow::yellow_diamond,2024-11-22 15:07:04
1536024,Matran Bois de Chavigny - Rosé,46.7811258,7.0681747,yellow::yellow_diamond,2024-11-22 15:07:04
1536025,Matran Centre commercial - Matran Bois de Chavagny,46.7782935,7.0826879,yellow::yellow_diamond,2024-11-22 15:07:04
1536026,Rosé - Neyruz,46.7757512,7.0620342,yellow::yellow_diamond,2024-11-22 15:07:04
1536028,Matran Gare - Bois des Morts,46.7829427,7.0958448,yellow::yellow_diamond,2024-11-22 15:07:04
1536473,Maggia - Terra di Fuori,46.2344384,8.7168784,yellow::yellow_diamond,2024-11-22 15:07:04
1536474,Terra di Fuori - Furcola di Dunzio,46.2214448,8.7315221,red:white:red_bar,2024-11-22 15:07:04
1546533,La Sagne crêt - Marmoud,47.0366023,6.8056477,yellow::yellow_diamond,2024-11-22 15:07:04
1553801,Vrin-Stumiaus,46.6721836,9.1107931,red:white:red_bar,2024-11-22 15:07:04
1553802,Senda Lumneziana,46.7149433,9.1468006,red:white:red_bar,2024-11-22 15:07:04
1556945,Breitweg Waldhaus - Strick,47.473119,7.9148265,yellow::yellow_diamond,2024-11-22 15:07:04
1556948,Waldhaus - Strick,47.4727115,7.9171567,yellow::yellow_diamond,2024-11-22 15:07:04
1556977,Rothenfluer Flue - Rothenfluh,47.4659108,7.9116074,yellow::yellow_diamond,2024-11-22 15:07:04
1556992,Breitweg Waldhaus - Kei,47.479678,7.9256342,yellow::yellow_diamond,2024-11-22 15:07:04
1558795,Autafond - Le Moulin,46.8125135,7.0808878,yellow::yellow_diamond,2024-11-22 15:07:04
1558797,Le Moulin - Belfaux rte de Chésopelloz,46.815245,7.092156,yellow::yellow_diamond,2024-11-22 15:07:04
1558798,Belfaux rte de Chésopelloz - Autafond,46.8200354,7.0883926,yellow::yellow_diamond,2024-11-22 15:07:04
1559770,Circuit de Belfaux,46.8184574,7.0731302,yellow::yellow_diamond,2024-11-22 15:07:04
1561141,Prés Vaillons - métairie de Prêles,47.1391945,7.1284163,yellow::yellow_diamond,2024-11-22 15:07:04
1567738,Scheltenpass - Matzendörfer Stierenberg,47.3324608,7.5784537,yellow::yellow_diamond,2024-11-22 15:07:04
1567740,Vorder Erzberg - fixme,47.3447647,7.6033145,yellow::yellow_diamond,2024-11-22 15:07:04
1567741,Matzendörfer Stierenberg - Rotlach,47.3256643,7.566359,yellow::yellow_diamond,2024-11-22 15:07:04
1567743,Vorder Erzberg - Scheltenpass,47.338322,7.5862923,yellow::yellow_diamond,2024-11-22 15:07:04
1567747,Rotlach - Schönenberg,47.3225434,7.5444759,yellow::yellow_diamond,2024-11-22 15:07:04
1567749,Rotlach - fixme,47.3262557,7.560341,yellow::yellow_diamond,2024-11-22 15:07:04
1567958,Grolley - Belfaux rte de Chésopelloz,46.8260051,7.0828611,yellow::yellow_diamond,2024-11-22 15:07:04
1577904,Buechenchäppeli - Brügi,46.760367,7.2606134,yellow::yellow_diamond,2024-11-22 15:07:04
1577965,Rechthalten - Brügi,46.7642447,7.2512149,yellow::yellow_diamond,2024-11-22 15:07:04
1579205,Etiwil - Baletswil,46.7800064,7.2362958,yellow::yellow_diamond,2024-11-22 15:07:04
1579208,Rechthalten - Baletswil,46.7730255,7.239542,yellow::yellow_diamond,2024-11-22 15:07:04
1587616,Stein Bahnhof - Holzbrücke Stein Säckingen,47.5466135,7.9502014,yellow::yellow_diamond,2024-11-22 15:07:04
1587618,Schupfart - Stein,47.5276591,7.9571342,yellow::yellow_diamond,2024-11-22 15:07:04
1587659,Ruine Tierstein - Schupfart Postauto,47.5053203,7.9687007,yellow::yellow_diamond,2024-11-22 15:07:04
1604739,Les Cugnets -fixme,47.0468099,6.8285437,yellow::yellow_diamond,2024-11-22 15:07:04
1604847,Vue des Alpes - La Pouette Mange,47.0757019,6.895512,yellow::yellow_diamond,2024-11-22 15:07:04
1604848,Mont Dar - Le Reymond,47.070991,6.8461817,yellow::yellow_diamond,2024-11-22 15:07:04
1604887,La Pouette Mange - fixme,47.0768945,6.9014167,yellow::yellow_diamond,2024-11-22 15:07:04
1605139,Marmoud - Marmoud,47.0329188,6.8087922,yellow::yellow_diamond,2024-11-22 15:07:04
1606448,Wünnewil SBB - Ueberstorf,46.8675142,7.296382,yellow::yellow_diamond,2024-11-22 15:07:04
1609837,Rundweg St. Niklaus,46.171929,7.8025832,yellow::yellow_diamond,2024-11-22 15:07:04
1610152,Bärenfalle-Saas-Fee Post,46.1163777,7.9291853,yellow::yellow_diamond,2024-11-22 15:07:04
1622282,Nante-Alpe di Pesciüm,46.5163204,8.6109134,red:white:red_bar,2024-11-22 15:07:04
1622285,Strada Bassa,46.4896041,8.4792771,yellow::yellow_diamond,2024-11-22 15:07:04
1639582,Senda Val Müstair,46.6248894,10.3691792,red:white:red_bar,2024-11-22 15:07:04
1639741,Le Grabou Cne de Misery - Corsalettes,46.8474974,7.0627758,yellow::yellow_diamond,2024-11-22 15:07:04
1640699,Freienalphütte - St. Gallerweid,47.1861914,9.3474484,yellow::yellow_diamond,2024-11-22 15:07:04
1640700,Oberdorf - Hägis,47.1902146,9.342081,yellow::yellow_diamond,2024-11-22 15:07:04
1640716,Kollersweid - fixme,47.1961728,9.3491995,yellow::yellow_diamond,2024-11-22 15:07:04
1640785,Inggadells - Galfer,47.1612037,9.3484194,red:white:red_bar,2024-11-22 15:07:04
1640787,Inggadells - fixme,47.166511,9.341392,red:white:red_bar,2024-11-22 15:07:04
1640796,Galfer - Schwanz,47.1604204,9.3586811,red:white:red_bar,2024-11-22 15:07:04
1640832,Schwanz - Vorderstöcken,47.1587415,9.360951,red:white:red_bar,2024-11-22 15:07:04
1641123,Hinter Witi - Lochgatter,47.171803,9.3680196,yellow::yellow_diamond,2024-11-22 15:07:04
1641125,Lochgatter - Oelberg,47.1781048,9.3694006,yellow::yellow_diamond,2024-11-22 15:07:04
1641127,Oelberg - Schöntobel,47.1826612,9.3669293,yellow::yellow_diamond,2024-11-22 15:07:04
1641130,Schöntobel - fixme,47.1844986,9.3780753,yellow::yellow_diamond,2024-11-22 15:07:04
1641132,Voralp - Lochgatter,47.1692193,9.3750752,yellow::yellow_diamond,2024-11-22 15:07:04
1642195,Aepli - Oberdorf,47.1881501,9.3513184,yellow::yellow_diamond,2024-11-22 15:07:04
1642197,Oberdorf - fixme,47.1913041,9.3482033,yellow::yellow_diamond,2024-11-22 15:07:04
1649125,Neyruz - Matran Bois de Chavigny,46.7742233,7.0669274,yellow::yellow_diamond,2024-11-22 15:07:04
1649126,Matran Centre commercial - Monterban,46.7774577,7.0971737,yellow::yellow_diamond,2024-11-22 15:07:04
1649127,Matran Bois de Chavagny - Matran Centre commercial,46.7792565,7.0826474,yellow::yellow_diamond,2024-11-22 15:07:04
1649816,Warthöf - Oeschgen,47.5281914,8.0139579,yellow::yellow_diamond,2024-11-22 15:07:04
1651670,Hirschlatter Runde,47.6674091,9.4901945,yellow:white:yellow_diamond:HR:black,2024-11-22 15:07:04
1657860,Larnags-Runca-Flims,46.8309591,9.2672945,red:white:red_bar,2024-11-22 15:07:04
1657873,Panoramaweg Foppa-Fidaz-Flims,46.8417831,9.2849968,red:white:red_bar,2024-11-22 15:07:04
1657879,Ladir - Falera,46.7998781,9.2173328,red:white:red_bar,2024-11-22 15:07:04
1658160,Villnachern- Bushaltestelle,47.4697377,8.1635538,yellow::yellow_diamond,2024-11-22 15:07:04
1661492,5-Seen-Wanderung,46.9844935,9.4029273,red:white:red_bar,2024-11-22 15:07:04
1662437,Crap Sogn Gion - Curnius,46.827945,9.2242141,red:white:red_bar,2024-11-22 15:07:04
1662450,Foppa - Naraus,46.8537724,9.2669998,red:white:red_bar,2024-11-22 15:07:04
1665450,Naraus - Startgels,46.8589395,9.2582922,red:white:red_bar,2024-11-22 15:07:04
1673122,Hauterive - La Tuffière,46.7583268,7.1064274,yellow::yellow_diamond,2024-11-22 15:07:04
1674574,Hauterive - Chésalles,46.7668499,7.1250101,yellow::yellow_diamond,2024-11-22 15:07:04
1692471,La Chaux-des-Breuleux - fixme,47.2201229,7.0295564,yellow::yellow_diamond,2024-11-22 15:07:04
1692472,La Chaux-des-Breuleux - fixme,47.2190533,7.0298562,yellow::yellow_diamond,2024-11-22 15:07:04
1692473,La Chaux-des-Breuleux - fixme,47.219276,7.0343589,yellow::yellow_diamond,2024-11-22 15:07:04
1692572,Le Cernil - Les Reussilles gare,47.2290038,7.0807512,yellow::yellow_diamond,2024-11-22 15:07:04
1694280,Tiefencastel-Alvaschein,46.6719585,9.5585628,yellow::yellow_diamond,2024-11-22 15:07:04
1697755,Circuit de la Combert par le sommet,46.7207672,7.143209,yellow::yellow_diamond,2024-11-22 15:07:04
1702267,Alvaschein-Muldain,46.6836603,9.5378425,red:white:red_bar,2024-11-22 15:07:04
1702269,Albula-Sils,46.7039944,9.4564489,yellow::yellow_diamond,2024-11-22 15:07:04
1702270,Sils-Thusis,46.7003154,9.4471725,yellow::yellow_diamond,2024-11-22 15:07:04
1702822,Flurlingen - Antennenturm,47.6833853,8.628659,yellow::yellow_diamond,2024-11-22 15:07:04
1702827,Flurlingen - Laufen Rheinfall,47.678457,8.6217522,yellow::yellow_diamond,2024-11-22 15:07:04
1703898,Rheinau Salmen - Balm,47.6408961,8.5993259,yellow::yellow_diamond,2024-11-22 15:07:04
1703902,Rheinau Kloster - Rheinau Salmen,47.6473785,8.6088157,yellow::yellow_diamond,2024-11-22 15:07:04
1704914,Buchberg - Oberriet,47.5694632,8.5523177,yellow::yellow_diamond,2024-11-22 15:07:04
1705446,Kaiserstuhl - Kaiserstuhl Bahnhof,47.568006,8.4185448,yellow::yellow_diamond,2024-11-22 15:07:04
1705447,Kaiserstuhl - Rümikon Rheinufer,47.5706432,8.3982081,yellow::yellow_diamond,2024-11-22 15:07:04
1706231,Foleweid,47.562204,9.0838242,yellow::yellow_diamond,2024-11-22 15:07:04
1711289,Les Rochats-Le Couvent,46.9015218,6.6639522,yellow::yellow_diamond,2024-11-22 15:07:04
1718784,Fribourg Beau-Site - Les Charmettes,46.7933977,7.1533256,yellow::yellow_diamond,2024-11-22 15:07:04
1718787,Marly Les Rittes - Les Charmettes,46.7901934,7.1544858,yellow::yellow_diamond,2024-11-22 15:07:04
1722724,Schwendriwald - Wasserbrücke,46.5405695,7.8939135,yellow::yellow_diamond,2024-11-22 15:07:04
1722725,Schwendriwald - fixme,46.5406215,7.897789,yellow::yellow_diamond,2024-11-22 15:07:04
1722726,Stechelberg / Rütti - Schwendriwald,46.5427324,7.8997594,yellow::yellow_diamond,2024-11-22 15:07:04
1722727,Stechelberg / Rütti - Stechelberg / Post,46.5467888,7.900742,yellow::yellow_diamond,2024-11-22 15:07:04
1722728,Stechelberg / Rütti - Schilthornbahn,46.5494741,7.9006017,yellow::yellow_diamond,2024-11-22 15:07:04
1722729,Wasserbrücke - Untere Busenalp,46.5372446,7.8832213,red:white:red_bar,2024-11-22 15:07:04
1722731,Wasserbrücke - fixme,46.5410932,7.8822026,yellow::yellow_diamond,2024-11-22 15:07:04
1722806,Busengrat - Obersteinberg,46.5235792,7.8859481,red:white:red_bar,2024-11-22 15:07:04
1722807,Schwendriwald - fixme,46.5272683,7.8877458,red:white:red_bar,2024-11-22 15:07:04
1723045,Trachsellauenen - fixme,46.5288951,7.9036066,yellow::yellow_diamond,2024-11-22 15:07:04
1723046,Trachsellauenen - Im Boden,46.5320386,7.9039481,yellow::yellow_diamond,2024-11-22 15:07:04
1723096,Im Boden - Stechelberg / Rütti,46.5408369,7.9047401,yellow::yellow_diamond,2024-11-22 15:07:04
1729193,Flüela-Schwarzhorn,46.7371462,9.952916,red:white:red_bar,2024-11-22 15:07:04
1729273,Bistinenpass-Simplonpass,46.2399419,8.0008547,red:white:red_bar,2024-11-22 15:07:04
1729275,Pt. 2420-Blausee,46.2129407,7.9548578,red:white:red_bar,2024-11-22 15:07:04
1729343,Passo Cristallina-Lielp,46.4565508,8.5251857,red:white:red_bar,2024-11-22 15:07:04
1756311,Balsthal Station - St. Wolfgang,47.317574,7.7017718,yellow::yellow_diamond,2024-11-22 15:07:04
1756349,St. Wolfgang - Holzflue,47.3230077,7.7046085,yellow::yellow_diamond,2024-11-22 15:07:04
1756522,Rotisegg - Mümliswil Post,47.3494557,7.6926152,yellow::yellow_diamond,2024-11-22 15:07:04
1757967,1001 - Passwang,47.3630137,7.6703176,yellow::yellow_diamond,2024-11-22 15:07:04
1757968,Ober Passwang - Berghaus Obere Wechten,47.3637739,7.6750561,yellow::yellow_diamond,2024-11-22 15:07:04
1757969,Lourdweg Brüggli - 1001,47.3531485,7.6647215,yellow::yellow_diamond,2024-11-22 15:07:04
1757974,Passwang - Vogelberg,47.3711694,7.6857769,yellow::yellow_diamond,2024-11-22 15:07:04
1757975,Passwang - Vogelberg,47.3694464,7.6812429,yellow::yellow_diamond,2024-11-22 15:07:04
1757976,Passwang - Bogental,47.3670678,7.6632806,yellow::yellow_diamond,2024-11-22 15:07:04
1758051,Sool - Mümliswil,47.352859,7.7165261,yellow::yellow_diamond,2024-11-22 15:07:04
1758052,Sool - Helfenberg,47.3594954,7.7331055,yellow::yellow_diamond,2024-11-22 15:07:04
1758139,Bereten Linde - fixme,47.3323008,7.7253956,yellow::yellow_diamond,2024-11-22 15:07:04
1758140,Bereten Linde - Holderbank,47.3356009,7.7416799,yellow::yellow_diamond,2024-11-22 15:07:04
1758141,Bereten Linde - Mümliswil,47.3391797,7.7160255,yellow::yellow_diamond,2024-11-22 15:07:04
1758142,Bereten Linde - Holderbank,47.3333911,7.7318525,yellow::yellow_diamond,2024-11-22 15:07:04
1758143,Breitenhöchi - Bereten Linde,47.344263,7.735499,yellow::yellow_diamond,2024-11-22 15:07:04
1758145,Helfenberg - Breitenhöchi,47.3523067,7.740048,yellow::yellow_diamond,2024-11-22 15:07:04
1765841,Saasalp - Hotel Maderanertal,46.7854396,8.7793011,red:white:red_bar,2024-11-22 15:07:04
1765843,Seewen - Öfeli,46.7833145,8.7548614,red:white:red_bar,2024-11-22 15:07:04
1765845,Windgällenhütte - Öfeli,46.7896526,8.7652987,red:white:red_bar,2024-11-22 15:07:04
1765846,Öfeli - Tritt,46.7911676,8.7802791,red:white:red_bar,2024-11-22 15:07:04
1765847,Öfeli - Hotel Maderanertal,46.7861051,8.7722962,red:white:red_bar,2024-11-22 15:07:04
1765855,Hotel Maderanertal - Balmenschachen,46.7796707,8.7665782,red:white:red_bar,2024-11-22 15:07:04
1765906,Golzern Talstation - Balmenschachen,46.7729983,8.7465782,red:white:red_bar,2024-11-22 15:07:04
1765907,Golzern Talstation - Lägni,46.7679622,8.7216733,red:white:red_bar,2024-11-22 15:07:04
1772453,Chelliwald-Schmalegga,46.3480189,8.1627406,red:white:red_bar,2024-11-22 15:07:04
1772454,Rosswald-Saflischpass,46.3140523,8.0680688,red:white:red_bar,2024-11-22 15:07:04
1772456,Schmalegga-Za Binne,46.3562477,8.171094,red:white:red_bar,2024-11-22 15:07:04
1773475,Belalp-Hotel Belalp,46.3762081,7.9826401,yellow::yellow_diamond,2024-11-22 15:07:04
1794943,Chalet de la Dôle-Le Bauloz,46.4207397,6.1186358,yellow::yellow_diamond,2024-11-22 15:07:04
1794944,Col du Porte-La Dôle,46.4290868,6.1018447,yellow::yellow_diamond,2024-11-22 15:07:04
1794945,Col du Vuarne-Col du Porte,46.4314942,6.1070909,yellow::yellow_diamond,2024-11-22 15:07:04
1798293,Hapferen Schwyberg - Falli-Hölli,46.6968159,7.2573063,yellow::yellow_diamond,2024-11-22 15:07:04
1806635,Dent de Vaulion-Sur le Voué,46.6902557,6.3664826,yellow::yellow_diamond,2024-11-22 15:07:04
1806638,"Le Pont, Gare-Le Pont",46.6669738,6.3278976,yellow::yellow_diamond,2024-11-22 15:07:04
1806639,Les Epoisats-Le Pont,46.6716617,6.3352195,yellow::yellow_diamond,2024-11-22 15:07:04
1833242,Riffenmatt - Riffenmatt / Post,46.7662308,7.3527412,yellow::yellow_diamond,2024-11-22 15:07:04
1833243,Riffenmatt / Post - Schwendelberg,46.7689306,7.3485036,yellow::yellow_diamond,2024-11-22 15:07:04
1844490,Pré La Vigne - Sur la Côte,47.2872789,7.2585462,yellow::yellow_diamond,2024-11-22 15:07:04
1844492,Pré La Vigne - Soulce,47.2942127,7.2757449,yellow::yellow_diamond,2024-11-22 15:07:04
1844589,Sur la Côte - fixme,47.2840681,7.2410799,yellow::yellow_diamond,2024-11-22 15:07:04
1844617,Le Pichoux - Sornetan,47.2765064,7.2226757,yellow::yellow_diamond,2024-11-22 15:07:04
1844618,Sur la Côte - Le Pichoux,47.2809773,7.2338316,yellow::yellow_diamond,2024-11-22 15:07:04
1845024,Bergerie de Loveresse - fixme,47.2527951,7.2285912,yellow::yellow_diamond,2024-11-22 15:07:04
1845029,Sornetan - Montagne de Saules,47.2650801,7.2178816,yellow::yellow_diamond,2024-11-22 15:07:04
1845030,Sornetan - Moron,47.2675756,7.2007901,yellow::yellow_diamond,2024-11-22 15:07:04
1845065,Moron/Sommet- fixme,47.2638367,7.2519129,yellow::yellow_diamond,2024-11-22 15:07:04
1868091,Seleute - fixme,47.3690046,7.1038875,yellow::yellow_diamond,2024-11-22 15:07:04
1868401,Montvoie - Ocourt,47.3496699,7.0657897,yellow::yellow_diamond,2024-11-22 15:07:04
1868405,Saint Ursanne - Montenol,47.3626633,7.1549922,yellow::yellow_diamond,2024-11-22 15:07:04
1868793,Les Marindes-Motélon,46.5439207,7.1564322,red:white:red_bar,2024-11-22 15:07:04
1904462,Camerino-Isone,46.1447788,8.9954008,red:white:red_bar,2024-11-22 15:07:04
1999351,Ancubona - Alp de Rog,46.4812406,9.2287007,red:white:red_bar,2024-11-22 15:07:04
1999440,Acubona - Cassina da Vignun,46.4729461,9.1995831,red:white:red_bar,2024-11-22 15:07:04
2099524,Tour de Faux d'Enson - Rocourt,47.3764314,6.9599159,yellow::yellow_diamond,2024-11-22 15:07:04
2120118,Bogental - Neuhüsli,47.3658982,7.6357834,yellow::yellow_diamond,2024-11-22 15:07:04
2120119,Bogental - Vogelberg,47.3693251,7.6664979,yellow::yellow_diamond,2024-11-22 15:07:04
2120598,Zollikon Allmend - Rumensee,47.3360095,8.5877857,yellow::yellow_diamond,2024-11-22 15:07:04
2121619,Küsnachter Tobel - Erlenbach Allmend,47.3119882,8.6002329,yellow::yellow_diamond,2024-11-22 15:07:04
2123994,Strada Bassa,46.3589966,8.9490352,yellow::yellow_diamond,2024-11-22 15:07:04
2188510,Schmutzberg - Wirblingen,47.3794043,7.8442387,yellow::yellow_diamond,2024-11-22 15:07:04
2188511,Schmutzberg - Ifenthal,47.3751727,7.8461562,yellow::yellow_diamond,2024-11-22 15:07:04
2188514,Wirblingen - Hauenstein,47.3818355,7.8573999,yellow::yellow_diamond,2024-11-22 15:07:04
2188540,Laufmatt - Laufmattparkplatz,47.3848694,7.8371993,yellow::yellow_diamond,2024-11-22 15:07:04
2188564,Eptingen - fixme,47.3877763,7.8218576,yellow::yellow_diamond,2024-11-22 15:07:04
2188565,Eptingen - Laufmatt,47.3873891,7.8293203,yellow::yellow_diamond,2024-11-22 15:07:04
2201707,Camanaboda-Hof,46.6733311,9.2952952,red:white:red_bar,2024-11-22 15:07:04
2201709,Glaspass-Ober Masügg,46.6757227,9.3547809,red:white:red_bar,2024-11-22 15:07:04
2201711,Ober Masügg-Unter Tschappina,46.6800209,9.3727255,red:white:red_bar,2024-11-22 15:07:04
2201713,Safien Talkirch-Camanaboda,46.6548528,9.2808127,red:white:red_bar,2024-11-22 15:07:04
2240028,Zentner - Matzendörfer Stierenberg,47.325917,7.5781874,yellow::yellow_diamond,2024-11-22 15:07:04
2240054,Vorder Erzberg - Zingelen,47.3497345,7.6266915,yellow::yellow_diamond,2024-11-22 15:07:04
2240090,La Sauge – Cudrefin,46.9667666,7.0339951,yellow::yellow_diamond,2024-11-22 15:07:04
2240092,Murten Schiffstation – Sugiez gare,46.9474201,7.1259442,yellow::yellow_diamond,2024-11-22 15:07:04
2240207,Köniz/Ober Buchsee - Fischermätteli,46.932543,7.410913,yellow::yellow_diamond,2024-11-22 15:07:04
2245904,Auguetbrügg-Märchligenau,46.9143983,7.5073975,yellow::yellow_diamond,2024-11-22 15:07:04
2245905,Märchligenau-Allmendingen,46.9122053,7.5191126,yellow::yellow_diamond,2024-11-22 15:07:04
2275065,Bärenwil - Bärenwil,47.3394985,7.7879631,yellow::yellow_diamond,2024-11-22 15:07:04
2275068,Bärenwil - fixme,47.3362456,7.7867186,yellow::yellow_diamond,2024-11-22 15:07:04
2275071,Bärenwil - Holderbank,47.3359597,7.7710856,yellow::yellow_diamond,2024-11-22 15:07:04
2275072,Schwängifüeli - Allmend,47.3445763,7.7882539,yellow::yellow_diamond,2024-11-22 15:07:04
2303950,Hüttenhof - Hüttenhof,47.3962947,7.9651869,yellow::yellow_diamond,2024-11-22 15:07:04
2303951,Hüttenhof - fixme,47.3956156,7.9644304,yellow::yellow_diamond,2024-11-22 15:07:04
2304689,Camperio/Ospizo-Olivone,46.5259344,8.9207008,red:white:red_bar,2024-11-22 15:07:04
2321403,Bänkelloch - Nütziweid,47.2740271,8.0861106,yellow::yellow_diamond,2024-11-22 15:07:04
2321413,Mullwil - Chanzel,47.2408164,8.1445549,yellow::yellow_diamond,2024-11-22 15:07:04
2346579,Suonenweg Trusera,46.3974102,8.1461507,yellow::yellow_diamond,2024-11-22 15:07:04
2349437,Muottas Muragl - Unterer Schafberg,46.5111388,9.9100567,red:white:red_bar,2024-11-22 15:07:04
2350169,Leutwil - Häfni - Birrwil Uf Berg,47.3010637,8.1817021,yellow::yellow_diamond,2024-11-22 15:07:04
2361307,Geuensee- Hunzikon,47.2012127,8.1171906,yellow::yellow_diamond,2024-11-22 15:07:04
2361309,Hunzikon - Wetzwil,47.2109966,8.1285097,yellow::yellow_diamond,2024-11-22 15:07:04
2370299,Surseerwald - Sursee Station,47.1762294,8.0963822,yellow::yellow_diamond,2024-11-22 15:07:04
2370308,Surseerwald: Autobahnunterführung - Hauptstrasse 2,47.1779714,8.0904568,yellow::yellow_diamond,2024-11-22 15:07:04
2371932,Sursee (Bahnhof) - Münigen/Calida,47.1664026,8.1027131,yellow::yellow_diamond,2024-11-22 15:07:04
2371989,Oberkirch (Hirschen) - Seehüseren,47.15887,8.1184207,yellow::yellow_diamond,2024-11-22 15:07:04
2371990,Oberkirch (Station) - Oberkirch (Hirschen),47.1555957,8.1147118,yellow::yellow_diamond,2024-11-22 15:07:04
2375020,Beinwil am See - Breitholz,47.2579123,8.2071506,yellow::yellow_diamond,2024-11-22 15:07:04
2375022,Beromünster - Gunzwil,47.2100814,8.184807,yellow::yellow_diamond,2024-11-22 15:07:04
2376376,Schwarzenberg - Brünnelichrüz,47.2603168,8.1333236,yellow::yellow_diamond,2024-11-22 15:07:04
2376452,Oberkulm - Junkerwald,47.2969334,8.1129498,yellow::yellow_diamond,2024-11-22 15:07:04
2378405,Parkplatz Baselstrasse - Schloss Mauensee,47.1712156,8.0807274,yellow::yellow_diamond,2024-11-22 15:07:04
2378447,St. Erhard - Knutwil,47.1897901,8.0726782,yellow::yellow_diamond,2024-11-22 15:07:04
2380113,Eich (Bus) - Eich (Kirche),47.1519365,8.1684265,yellow::yellow_diamond,2024-11-22 15:07:04
2380128,Schenkon - Eich,47.1624318,8.1539236,yellow::yellow_diamond,2024-11-22 15:07:04
2380172,Eich (Schulhaus) - Kirchbühl,47.1493822,8.1775811,yellow::yellow_diamond,2024-11-22 15:07:04
2380187,Kilchbühl - Sempach (Ochsen),47.1407093,8.1901824,yellow::yellow_diamond,2024-11-22 15:07:04
2380196,Sempach (Ochsen) - Sempach (Post),47.1355703,8.1914203,yellow::yellow_diamond,2024-11-22 15:07:04
2380216,Sempach (Post) - Vogelwarte,47.1313435,8.1913569,yellow::yellow_diamond,2024-11-22 15:07:04
2381447,Steinhausen - Schluecht,47.1910853,8.4718985,yellow::yellow_diamond,2024-11-22 15:07:04
2381895,Gränichen - Schafisheim,47.3729915,8.1120873,yellow::yellow_diamond,2024-11-22 15:07:04
2382580,Vogelwarte - Adelwil,47.1207605,8.2007124,yellow::yellow_diamond,2024-11-22 15:07:04
2382594,Unterführung Bahnhof Nottwil,47.1390198,8.1384633,yellow::yellow_diamond,2024-11-22 15:07:04
2382598,Nottwil - Sempach (Vogelwarte),47.1282611,8.1657543,yellow::yellow_diamond,2024-11-22 15:07:04
2382610,Adelwil - Bärtiswil,47.1073135,8.2359004,yellow::yellow_diamond,2024-11-22 15:07:04
2384540,Jochpass - Alpstubli,46.7844832,8.3900276,red:white:red_bar,2024-11-22 15:07:04
2394791,Oberrüti - Waldegg,47.0273994,8.3136727,yellow::yellow_diamond,2024-11-22 15:07:04
2395979,Schlossrued - Kirchrued,47.2881599,8.0926537,yellow::yellow_diamond,2024-11-22 15:07:04
2396057,Rehhag - Geisshof,47.2520178,8.1367308,yellow::yellow_diamond,2024-11-22 15:07:04
2396058,Schmidrued - Hasel,47.2687449,8.1130053,yellow::yellow_diamond,2024-11-22 15:07:04
2396059,Schmidrued - Nütziweid,47.267646,8.0953091,yellow::yellow_diamond,2024-11-22 15:07:04
2396060,Steinig - Brünnelichrüz,47.2685314,8.127452,yellow::yellow_diamond,2024-11-22 15:07:04
2396463,St. Karli - Geissmattbrücke,47.0539474,8.2954161,yellow::yellow_diamond,2024-11-22 15:07:04
2396464,Sädelbrücke - St. Karli,47.062363,8.2886738,yellow::yellow_diamond,2024-11-22 15:07:04
2397609,Pfaffenberg - Waltersholz,47.2865606,8.1113332,yellow::yellow_diamond,2024-11-22 15:07:04
2398941,Luzern - Tribschen,47.0466075,8.3200041,yellow::yellow_diamond,2024-11-22 15:07:04
2399966,St. Karli - Friedental,47.0551971,8.2920009,yellow::yellow_diamond,2024-11-22 15:07:04
2399967,Stutz - Tribschen,47.0377362,8.3321197,yellow::yellow_diamond,2024-11-22 15:07:04
2399968,Bruchmatt - Zähringerstrasse,47.0488903,8.2978057,yellow::yellow_diamond,2024-11-22 15:07:04
2400675,Häggen-Planplatten Sattel,46.747032,8.2567176,red:white:red_bar,2024-11-22 15:07:04
2400676,Käserstatt - Häggen,46.7565055,8.2363261,red:white:red_bar,2024-11-22 15:07:04
2401568,Biregghof - Seeblick,47.0317544,8.31857,yellow::yellow_diamond,2024-11-22 15:07:04
2401569,Geissenstein - Matthof,47.0347422,8.3220939,yellow::yellow_diamond,2024-11-22 15:07:04
2401937,Horwerstrasse - Stirnrüti,47.0275683,8.3064139,yellow::yellow_diamond,2024-11-22 15:07:04
2405654,Birmatt - Wisner Flue,47.389639,7.900419,yellow::yellow_diamond,2024-11-22 15:07:04
2405655,Burgweid - Wisen,47.392055,7.8955165,yellow::yellow_diamond,2024-11-22 15:07:04
2405657,Falkenstein Weiher - Hutzlenbödeli,47.3960224,7.9307586,yellow::yellow_diamond,2024-11-22 15:07:04
2406512,Ulmi - Regliberg,46.6674761,8.5579407,red:white:red_bar,2024-11-22 15:07:04
2407527,Zeglingen - Zeglingen Oberdorf,47.4173154,7.9055074,yellow::yellow_diamond,2024-11-22 15:07:04
2407583,Grosse Scheidegg - Schreckfeld,46.6610477,8.0907599,red:white:red_bar,2024-11-22 15:07:04
2407839,Chätzigerhöchi - Lättloch,47.1927578,8.0112423,yellow::yellow_diamond,2024-11-22 15:07:04
2409646,Fuchsetanz und Lättloch,47.1916246,8.0065058,yellow::yellow_diamond,2024-11-22 15:07:04
2409647,Santeberg Süd - Rüsle,47.1971856,7.9899092,yellow::yellow_diamond,2024-11-22 15:07:04
2409652,Rüsle - Nr. 7,47.1997888,7.9828577,yellow::yellow_diamond,2024-11-22 15:07:04
2409653,Santeberg Süd - Fuchsetanz,47.1922156,7.9993965,yellow::yellow_diamond,2024-11-22 15:07:04
2409655,Santeberg Nord - Santeberg Süd,47.1963114,7.9953797,yellow::yellow_diamond,2024-11-22 15:07:04
2409683,Willisau (Bahnhof) - Willisau (Postplatz),47.1218991,7.9946615,yellow::yellow_diamond,2024-11-22 15:07:04
2411408,Santeberg Nord - Dagmersellen,47.2051194,7.9867398,yellow::yellow_diamond,2024-11-22 15:07:04
2413100,Nottwil (Bahnhof) - Nottwil (Kantonsstrasse),47.1373257,8.1375436,yellow::yellow_diamond,2024-11-22 15:07:04
2417149,Dagmersellen Bahnhof - Dagmersellen,47.2147322,7.9835905,yellow::yellow_diamond,2024-11-22 15:07:04
2420421,Seewagen - Kottwil,47.1669043,8.0429679,yellow::yellow_diamond,2024-11-22 15:07:04
2432505,Signal du Lessy - fixme,46.9432621,6.7667765,yellow::yellow_diamond,2024-11-22 15:07:04
2436170,Boden - Guttannen,46.6637204,8.2798992,yellow::yellow_diamond,2024-11-22 15:07:04
2436460,Innere Urweid - Boden,46.6739597,8.2593561,yellow::yellow_diamond,2024-11-22 15:07:04
2437003,Bannwald - Burgkapelle,46.7764515,8.1589304,yellow::yellow_diamond,2024-11-22 15:07:04
2437044,Friesencham-Hammer,47.1923444,8.4522852,yellow::yellow_diamond,2024-11-22 15:07:04
2437045,Knonau-Bibersee,47.2139213,8.462514,yellow::yellow_diamond,2024-11-22 15:07:04
2437090,Gällistein - Schwand,46.7467692,8.1652081,yellow::yellow_diamond,2024-11-22 15:07:04
2456430,Chommlibach - Zopfenberg,47.1868105,8.1260976,yellow::yellow_diamond,2024-11-22 15:07:04
2458980,Melchsee-Frutt - Chringen - Bonistock,46.7769214,8.2844678,red:white:red_bar,2024-11-22 15:07:04
2461381,Jöslirain - Tüfels Chanzle,47.5713996,8.5733742,yellow::yellow_diamond,2024-11-22 15:07:04
2462002,Laubberg - Paradiesgärtli,47.5719402,8.4941871,yellow::yellow_diamond,2024-11-22 15:07:04
2515683,Wauwilermoos - Ronmüli,47.1762254,8.0034759,yellow::yellow_diamond,2024-11-22 15:07:04
2516538,Mühlebach-Niederwald,46.4201831,8.1734965,yellow::yellow_diamond,2024-11-22 15:07:04
2550749,Chätzigerhöchi - Sunnsitestrasse,47.1902263,8.0123768,yellow::yellow_diamond,2024-11-22 15:07:04
2550750,Egolzwilerberg - Ängelberg,47.1884143,8.0113742,yellow::yellow_diamond,2024-11-22 15:07:04
2550764,Ängelberg - Wauwilerberg,47.1885827,8.0247355,yellow::yellow_diamond,2024-11-22 15:07:04
2561742,Suhr - Buchs,47.3802347,8.0800632,yellow::yellow_diamond,2024-11-22 15:07:04
2567813,Grenzhof - Reussbühl,47.0577267,8.2785986,yellow::yellow_diamond,2024-11-22 15:07:04
2567853,Reussbühl-Emmenbrücke,47.0679683,8.2743936,yellow::yellow_diamond,2024-11-22 15:07:04
2567919,Emmenbrücke-Rotenburg,47.0833548,8.2761557,yellow::yellow_diamond,2024-11-22 15:07:04
2571359,Vermes - Merveilier,47.3363245,7.486513,yellow::yellow_diamond,2024-11-22 15:07:04
2594902,Chli Hüenliwald-Murmösli,46.9222122,7.5415097,yellow::yellow_diamond,2024-11-22 15:07:04
2594903,Langenloh-Wislen,46.9223232,7.5525213,yellow::yellow_diamond,2024-11-22 15:07:04
2594904,Rüfenacht - Chli Hüenliwald,46.9252187,7.5332599,yellow::yellow_diamond,2024-11-22 15:07:04
2595530,Worb/Hasli-Worbberg,46.9359019,7.5800869,yellow::yellow_diamond,2024-11-22 15:07:04
2595531,Worbberg-Rüttihubelbad,46.9364017,7.5927686,yellow::yellow_diamond,2024-11-22 15:07:04
2597483,Lützelflüh Bahnhof - Dorf,47.0061583,7.6841011,yellow::yellow_diamond,2024-11-22 15:07:04
2612772,Beznau Steg - Stilli Brücke,47.5320146,8.2305143,yellow::yellow_diamond,2024-11-22 15:07:04
2612916,Döttingen Brücke,47.5838677,8.2382471,yellow::yellow_diamond,2024-11-22 15:07:04
2612918,Felsenau - fixme,47.6014146,8.2226531,yellow::yellow_diamond,2024-11-22 15:07:04
2612941,Felsenau - Full Fähre,47.6122093,8.2185614,yellow::yellow_diamond,2024-11-22 15:07:04
2612942,Felsenau - fixme,47.6056409,8.2221754,yellow::yellow_diamond,2024-11-22 15:07:04
2632081,Holderkäppeli - Schilt,47.0173597,8.2225945,yellow::yellow_diamond,2024-11-22 15:07:04
2653120,Hagendorn - Röhrliberg,47.1977562,8.4388261,yellow::yellow_diamond,2024-11-22 15:07:04
2654121,Halde - Eichwäldli,47.236434,8.1701537,yellow::yellow_diamond,2024-11-22 15:07:04
2654127,Menziken - Waldegg,47.2410718,8.1827551,yellow::yellow_diamond,2024-11-22 15:07:04
2654128,Niederwil - Eichwäldli,47.2290715,8.1702075,yellow::yellow_diamond,2024-11-22 15:07:04
2654129,Pfeffikon Mühle - Halde,47.2446182,8.1744228,yellow::yellow_diamond,2024-11-22 15:07:04
2654131,Reinach Nord - Pfeffikon Mühle,47.2498895,8.1799618,yellow::yellow_diamond,2024-11-22 15:07:04
2654132,Reinach Nord - Sonnenberg,47.2518659,8.1888612,yellow::yellow_diamond,2024-11-22 15:07:04
2654133,Rickenbach - Chanzel,47.2283034,8.1494749,yellow::yellow_diamond,2024-11-22 15:07:04
2655878,Dogelzwil - Liebergott,47.1517748,8.0969398,yellow::yellow_diamond,2024-11-22 15:07:04
2655880,Neuhus - Renzligen,47.1530972,8.0926621,yellow::yellow_diamond,2024-11-22 15:07:04
2655890,Farnsberg - Buuseregg,47.4899755,7.857418,yellow::yellow_diamond,2024-11-22 15:07:04
2655905,Farnsberg - fixme,47.4869304,7.8569122,yellow::yellow_diamond,2024-11-22 15:07:04
2655935,Farnsberg - Rickenbach,47.4825709,7.8547024,yellow::yellow_diamond,2024-11-22 15:07:04
2655936,Farnsberg - Rickenbach,47.4846565,7.8534439,yellow::yellow_diamond,2024-11-22 15:07:04
2656712,Rickenbach - Buuseregg,47.4905594,7.8542159,yellow::yellow_diamond,2024-11-22 15:07:04
2658357,Suhr - Rütihof,47.3551042,8.0767111,yellow::yellow_diamond,2024-11-22 15:07:04
2664230,Birli-Wald,47.4172151,9.4878893,yellow::yellow_diamond,2024-11-22 15:07:04
2667484,Hostrisstrasse,47.1652746,8.0011695,yellow::yellow_diamond,2024-11-22 15:07:04
2667485,Wässermatte - Wissehuse,47.1659591,7.9980594,yellow::yellow_diamond,2024-11-22 15:07:04
2667502,Riedbruggmüli - Hostris (via Ettiswil dorf),47.1549328,8.0156904,yellow::yellow_diamond,2024-11-22 15:07:04
2670142,Gormund - Weier - Neudorf,47.168433,8.2142861,yellow::yellow_diamond,2024-11-22 15:07:04
2670146,Neudorf - Beromünster,47.1923944,8.1995226,yellow::yellow_diamond,2024-11-22 15:07:04
2670147,Neudorf - Herlisberg,47.1878663,8.219789,yellow::yellow_diamond,2024-11-22 15:07:04
2670148,Schwarzenbach - Breitholz,47.2408456,8.2101137,yellow::yellow_diamond,2024-11-22 15:07:04
2670149,Schwarzenbach - Trolerhof,47.2375296,8.208222,yellow::yellow_diamond,2024-11-22 15:07:04
2670150,Waldhaus - Älmeringen -Gormund,47.1820203,8.2259793,yellow::yellow_diamond,2024-11-22 15:07:04
2672375,Wolhusen (Bahnhof) - Wolhusen,47.0571147,8.0761447,yellow::yellow_diamond,2024-11-22 15:07:04
2672380,Werthenstein - Unter Chriesbaumen,47.0624133,8.0973091,yellow::yellow_diamond,2024-11-22 15:07:04
2672742,Gelfingen - Ferren,47.2021149,8.2811754,yellow::yellow_diamond,2024-11-22 15:07:04
2672744,Hitzkirch - Richensee,47.2213732,8.2521008,yellow::yellow_diamond,2024-11-22 15:07:04
2672751,Stazion Hitzkirch - Hitzkirch,47.2243365,8.2609999,yellow::yellow_diamond,2024-11-22 15:07:04
2683452,Rickenbach - Buholz,47.2059483,8.147081,yellow::yellow_diamond,2024-11-22 15:07:04
2683572,Zopfeberg - Buholz,47.1926563,8.1324698,yellow::yellow_diamond,2024-11-22 15:07:04
2683575,Hunziken - Buholz,47.1971549,8.1343014,yellow::yellow_diamond,2024-11-22 15:07:04
2697825,Buholz - Buchen,47.078524,8.0770677,yellow::yellow_diamond,2024-11-22 15:07:04
2698449,Ballwil - Hochdorf,47.1726403,8.2833641,yellow::yellow_diamond,2024-11-22 15:07:04
2698450,Ermensee - Hitzkirch,47.2259804,8.2531801,yellow::yellow_diamond,2024-11-22 15:07:04
2698452,Feldheim - Kleinwangen,47.186175,8.2973645,yellow::yellow_diamond,2024-11-22 15:07:04
2698453,Gelfingen - Ballwil,47.1996745,8.2726439,yellow::yellow_diamond,2024-11-22 15:07:04
2700434,Steinhauserwald - Banäbni,47.2042057,8.5018425,yellow::yellow_diamond,2024-11-22 15:07:04
2700435,Blickensdorf-Hint. Höfen,47.195979,8.5082768,yellow::yellow_diamond,2024-11-22 15:07:04
2723939,Burgrain - Wiggeruferweg,47.1416347,8.0014202,yellow::yellow_diamond,2024-11-22 15:07:04
2724007,Alberswil - Ettiswil,47.1517629,8.0091572,yellow::yellow_diamond,2024-11-22 15:07:04
2726786,Köniz/Ober Buchsee – Pfaffensteig,46.9312269,7.4050899,yellow::yellow_diamond,2024-11-22 15:07:04
2726787,Pfaffensteig - Bümpliz Süd,46.9372127,7.3986841,yellow::yellow_diamond,2024-11-22 15:07:04
2738051,Les Enfers - Montfaucon,47.28565,7.0495435,yellow::yellow_diamond,2024-11-22 15:07:04
2740279,Montfaucon - Pré-Petitjean,47.2797173,7.0551965,yellow::yellow_diamond,2024-11-22 15:07:04
2746139,Pré Petitjean -,47.2685734,7.0472537,yellow::yellow_diamond,2024-11-22 15:07:04
2746140,Pré Petitjean -,47.2776008,7.0613978,yellow::yellow_diamond,2024-11-22 15:07:04
2753770,Bümpliz Süd - Fischermätteli,46.9393559,7.4056854,yellow::yellow_diamond,2024-11-22 15:07:04
2767415,Rümlingen - Bahnhof Rümlingen,47.4249355,7.8501905,yellow::yellow_diamond,2024-11-22 15:07:04
2768816,Herzwil - Oberwangen,46.9155439,7.3701782,yellow::yellow_diamond,2024-11-22 15:07:04
2769836,Bergmatten - Häfelfingen,47.4123989,7.8741671,yellow::yellow_diamond,2024-11-22 15:07:04
2769837,Bergmatten - Egg,47.413474,7.8772383,yellow::yellow_diamond,2024-11-22 15:07:04
2769839,Hasmatt - Bergmatten,47.4088078,7.8798541,yellow::yellow_diamond,2024-11-22 15:07:04
2769960,Stolten - Stolten,47.423041,7.8776588,yellow::yellow_diamond,2024-11-22 15:07:04
2783605,Wohlei - Frauenkappelen/Post,46.9590234,7.3487362,yellow::yellow_diamond,2024-11-22 15:07:04
2783757,Frauenkappelen/Post - Riedbach/Mühle,46.9508281,7.3347029,yellow::yellow_diamond,2024-11-22 15:07:04
2783760,Riedbach/Station - Holzeggen,46.9346352,7.33725,yellow::yellow_diamond,2024-11-22 15:07:04
2783773,Holzeggen - Bruucheren,46.9237093,7.3361187,yellow::yellow_diamond,2024-11-22 15:07:04
2783778,Bruucheren - Bim Stundstei,46.9165071,7.3375007,yellow::yellow_diamond,2024-11-22 15:07:04
2783788,Oberwangenhubel - Oberwangen,46.9145398,7.3553586,yellow::yellow_diamond,2024-11-22 15:07:04
2783793,Oberwangen - Oberwangen Station,46.9148005,7.3611024,yellow::yellow_diamond,2024-11-22 15:07:04
2783797,Oberwangen Station - Liebewil,46.9093871,7.3652498,yellow::yellow_diamond,2024-11-22 15:07:04
2783810,Mengestorfberg - Mengestorf,46.9023236,7.3873568,yellow::yellow_diamond,2024-11-22 15:07:04
2783814,Moos - Bindenhus,46.9129511,7.3993898,yellow::yellow_diamond,2024-11-22 15:07:04
2783819,Leen - Tubentränke,46.9242426,7.3916757,yellow::yellow_diamond,2024-11-22 15:07:04
2783821,Pfaffensteig - Tubentränke,46.9320098,7.3968497,yellow::yellow_diamond,2024-11-22 15:07:04
2783829,Herzwil - Liebewil/Resevoir,46.9109766,7.3748033,yellow::yellow_diamond,2024-11-22 15:07:04
2783858,Hohliebe - Tubentränke,46.9288907,7.3888982,yellow::yellow_diamond,2024-11-22 15:07:04
2783861,Hohliebe - Fischermätteli,46.9343643,7.4002142,yellow::yellow_diamond,2024-11-22 15:07:04
2784632,Fischermätteli - Könizberg/Stärn,46.9331082,7.407089,yellow::yellow_diamond,2024-11-22 15:07:04
2801208,Schanfigger Höhenweg,46.8434709,9.7208522,red:white:red_bar,2024-11-22 15:07:04
2805174,Alp dilg Guert Furcleta,46.7191146,9.6260991,red:white:red_bar,2024-11-22 15:07:04
2809998,Büel,47.1345575,8.1188769,yellow::yellow_diamond,2024-11-22 15:07:04
2810004,SPZ - Büel,47.1389438,8.1260582,yellow::yellow_diamond,2024-11-22 15:07:04
2828332,Zaplina-Schmittner Alp,46.7099124,9.6808991,red:white:red_bar,2024-11-22 15:07:04
2832863,Frauental-Maschwanden,47.2251906,8.4305665,yellow::yellow_diamond,2024-11-22 15:07:04
2832864,Friesencham-Rumentikon,47.2011001,8.441055,yellow::yellow_diamond,2024-11-22 15:07:04
2832865,Rumentikon-Frauental,47.210632,8.4296321,yellow::yellow_diamond,2024-11-22 15:07:04
2834323,Aesch - Mosen,47.2505379,8.2439901,yellow::yellow_diamond,2024-11-22 15:07:04
2834324,Schloss Hallwil - Strandbad Tennwil,47.3133277,8.2066952,yellow::yellow_diamond,2024-11-22 15:07:04
2834325,Seerose - Aesch,47.2700197,8.2313869,yellow::yellow_diamond,2024-11-22 15:07:04
2834326,Strandbad Tennwil - Seerose,47.2938673,8.2218031,yellow::yellow_diamond,2024-11-22 15:07:04
2837256,Berlincourt - La Racine,47.3185268,7.1980114,yellow::yellow_diamond,2024-11-22 15:07:04
2837402,Oberulmiz - Kühlewil/Gütsch,46.8951769,7.4457577,yellow::yellow_diamond,2024-11-22 15:07:04
2853139,Paradiso-San Salvatore,45.9841365,8.9492297,red:white:red_bar,2024-11-22 15:07:04
2868081,Blinzeren - Jennershus,46.9187304,7.4284161,yellow::yellow_diamond,2024-11-22 15:07:04
2868180,Jennershus - Breitägerte,46.9121973,7.4488478,yellow::yellow_diamond,2024-11-22 15:07:04
2868190,Ulmizberg - Platten,46.9032379,7.4286514,yellow::yellow_diamond,2024-11-22 15:07:04
2868211,Platten - Köniz,46.9136492,7.4206159,yellow::yellow_diamond,2024-11-22 15:07:04
2868215,Kühlewil/Gütsch - Wohnheim Kühlewil,46.8971496,7.455065,yellow::yellow_diamond,2024-11-22 15:07:04
2868313,Kehrsatz - Breitägerte,46.9087245,7.4685409,yellow::yellow_diamond,2024-11-22 15:07:04
2871787,Holzeggen - Ried,46.9266825,7.3448738,yellow::yellow_diamond,2024-11-22 15:07:04
2875362,Liebewil/Resevoir - Liebewil,46.9052238,7.3683988,yellow::yellow_diamond,2024-11-22 15:07:04
2879315,Äsch - Ostergau,47.1148553,8.0262766,yellow::yellow_diamond,2024-11-22 15:07:04
2879316,Galgenchäppeli - Ankenloch,47.1226671,8.0071447,yellow::yellow_diamond,2024-11-22 15:07:04
2879317,Ankenloch - Äsch,47.1196801,8.0216395,yellow::yellow_diamond,2024-11-22 15:07:04
2879331,Willisau - Ostergau,47.1171512,8.0096615,yellow::yellow_diamond,2024-11-22 15:07:04
2879495,Althüsli - Egg,47.2436594,7.4549484,red:white:red_bar,2024-11-22 15:07:04
2879497,Althüsli - Chessel,47.2441333,7.4546023,yellow::yellow_diamond,2024-11-22 15:07:04
2879596,Bettwil - Fahrwangen,47.2924098,8.2527171,yellow::yellow_diamond,2024-11-22 15:07:04
2879597,Büttikon - Bettwil,47.3099431,8.2808734,yellow::yellow_diamond,2024-11-22 15:07:04
2879598,Fahrwangen - Meisterschwanden - Delphin,47.2945373,8.2286127,yellow::yellow_diamond,2024-11-22 15:07:04
2880357,Melide-Vico Morcote,45.9427414,8.9339959,red:white:red_bar,2024-11-22 15:07:04
2880358,Vico Morcote-Morcote,45.9264033,8.9173969,red:white:red_bar,2024-11-22 15:07:04
2881009,Gsäss - Egg,47.2388598,7.4544218,yellow::yellow_diamond,2024-11-22 15:07:04
2881014,Hinterer Weissenstein - Oberdorf Talstation Gondelbahn,47.2420632,7.4870252,yellow::yellow_diamond,2024-11-22 15:07:04
2881255,Glaserweg - fixme,47.2617036,7.4864328,yellow::yellow_diamond,2024-11-22 15:07:04
2881362,Gelterfingen - Toffen/Station,46.8493622,7.5051967,yellow::yellow_diamond,2024-11-22 15:07:04
2881363,Toffen/Station - Gelterfingen,46.8490088,7.5048787,yellow::yellow_diamond,2024-11-22 15:07:04
2881364,Toffen - Toffen/Station,46.8591969,7.4960677,yellow::yellow_diamond,2024-11-22 15:07:04
2881370,Toffen - Belp,46.8746043,7.499051,yellow::yellow_diamond,2024-11-22 15:07:04
2881376,Kaufdorf - Gelterfingen,46.8380753,7.5077564,yellow::yellow_diamond,2024-11-22 15:07:04
2881389,Kaufdorf - Gutenbrünnen,46.8394295,7.4939624,yellow::yellow_diamond,2024-11-22 15:07:04
2881392,Gutenbrünnen - Hermiswil,46.8357125,7.4826738,yellow::yellow_diamond,2024-11-22 15:07:04
2881544,Feli - Gibelegg,46.7917366,7.4378041,yellow::yellow_diamond,2024-11-22 15:07:04
2881583,Rohrbach - Schwanden,46.8125505,7.4132657,yellow::yellow_diamond,2024-11-22 15:07:04
2881601,Rüeggisberg - Schwanden,46.8188713,7.424918,yellow::yellow_diamond,2024-11-22 15:07:04
2881615,Rüeggisberg - Taanwald,46.8250592,7.4535957,yellow::yellow_diamond,2024-11-22 15:07:04
2881620,Hermiswil - Taanwald,46.8325586,7.473123,yellow::yellow_diamond,2024-11-22 15:07:04
2886203,Bettwil - Oberschongau,47.2823187,8.2720908,yellow::yellow_diamond,2024-11-22 15:07:04
2886204,Eichberg - Sarmenstorf,47.3244174,8.2262497,yellow::yellow_diamond,2024-11-22 15:07:04
2886205,Mettmenschongau - Aesch,47.2617509,8.2507514,yellow::yellow_diamond,2024-11-22 15:07:04
2887975,Aclas Davains Alp da la Creusch,46.7031354,9.6499672,red:white:red_bar,2024-11-22 15:07:04
2888883,Bürersteig - Laubberg,47.5373259,8.1541057,yellow::yellow_diamond,2024-11-22 15:07:04
2894521,Mösli - Tannholzweid,46.9109806,7.2955697,yellow::yellow_diamond,2024-11-22 15:07:04
2894528,Oberbottigen - Riedbach/Station,46.9384253,7.3432389,yellow::yellow_diamond,2024-11-22 15:07:04
2894538,Tannholzweid - Sunnenrain,46.9082616,7.3032087,yellow::yellow_diamond,2024-11-22 15:07:04
2894545,Sunnenrain - Bim Stundstei,46.9113011,7.3219884,yellow::yellow_diamond,2024-11-22 15:07:04
2911408,Chilchbüel - Steinibüel,47.1419612,8.1999449,yellow::yellow_diamond,2024-11-22 15:07:04
2911425,Steinibüel - Schlacht,47.1427129,8.2137175,yellow::yellow_diamond,2024-11-22 15:07:04
2911492,Elswil - Studenweid,47.093156,8.0460629,yellow::yellow_diamond,2024-11-22 15:07:04
2911495,Studenweid - Ostergau,47.1027663,8.0309707,yellow::yellow_diamond,2024-11-22 15:07:04
2913664,Meggenhorn - Meggen (Schiff),47.0401471,8.3679064,yellow::yellow_diamond,2024-11-22 15:07:04
2913665,Seeburg - Meggenhorn,47.0396674,8.3508752,yellow::yellow_diamond,2024-11-22 15:07:04
2913719,Loco - Vosa,46.1948662,8.6776018,red:white:red_bar,2024-11-22 15:07:04
2914470,Büron - Knutwil,47.2066202,8.0823248,yellow::yellow_diamond,2024-11-22 15:07:04
2914471,Knutwil - Lätten,47.2146855,8.051732,yellow::yellow_diamond,2024-11-22 15:07:04
2914472,Lätten - Wannenrain,47.2421354,8.0320331,yellow::yellow_diamond,2024-11-22 15:07:04
2914473,Buholz - Buttenberg,47.2053306,8.1437859,yellow::yellow_diamond,2024-11-22 15:07:04
2914474,Schlierbach - Büron,47.2194148,8.1029322,yellow::yellow_diamond,2024-11-22 15:07:04
2914475,Uf em Chalt - Wiliberg,47.272903,8.0256086,yellow::yellow_diamond,2024-11-22 15:07:04
2914476,Wetzwil - Schlierbach,47.2222183,8.1223865,yellow::yellow_diamond,2024-11-22 15:07:04
2916061,St. Niklausen - Daiwil,47.1069929,8.0050121,yellow::yellow_diamond,2024-11-22 15:07:04
2916062,Bahnhofplatz - St. Niklausen,47.1201845,7.997106,yellow::yellow_diamond,2024-11-22 15:07:04
2916216,Kirchleerau - Hinter Nack,47.2797956,8.0674771,yellow::yellow_diamond,2024-11-22 15:07:04
2916217,Krummbach - Schlierbach,47.2170274,8.1182933,yellow::yellow_diamond,2024-11-22 15:07:04
2916218,Kulmerau - Nütziweid,47.2599666,8.0868692,yellow::yellow_diamond,2024-11-22 15:07:04
2919199,Amlehn - Kriens Hofmatt,47.0378101,8.2847355,yellow::yellow_diamond,2024-11-22 15:07:04
2919200,Amlehn - Ober Gütsch,47.0428122,8.2859194,yellow::yellow_diamond,2024-11-22 15:07:04
2919201,Amlehn - Sonnenberg,47.0431975,8.2785779,yellow::yellow_diamond,2024-11-22 15:07:04
2919202,Bruchmatt - Sonnenberg,47.0463597,8.2845153,yellow::yellow_diamond,2024-11-22 15:07:04
2919205,Gabeldingen - Sonnenbergbahn Talstation,47.0425611,8.2762475,yellow::yellow_diamond,2024-11-22 15:07:04
2919206,Gabeldingen - Sonnenbergbahn Talstation,47.038892,8.278308,yellow::yellow_diamond,2024-11-22 15:07:04
2919209,Gigeliwald - Ober Gütsch,47.043342,8.290878,yellow::yellow_diamond,2024-11-22 15:07:04
2919210,Littau Matt - Sonnenberg,47.047437,8.2693286,yellow::yellow_diamond,2024-11-22 15:07:04
2919211,Mattenhof - Grosshofstrasse,47.0330202,8.2996416,yellow::yellow_diamond,2024-11-22 15:07:04
2919212,Ober Gütsch - Sonnenberg,47.0441567,8.2807707,yellow::yellow_diamond,2024-11-22 15:07:04
2924951,Tierpark - Wohlen Oberdorf,47.3435082,8.2961388,yellow::yellow_diamond,2024-11-22 15:07:04
2924952,Wohlen Oberdorf - Tierpark,47.3439861,8.2884151,yellow::yellow_diamond,2024-11-22 15:07:04
2925219,Diegischbalm - Nechimatt,46.8945203,8.370662,red:white:red_bar,2024-11-22 15:07:04
2925262,- Sagensitz,46.8998608,8.3915301,yellow::yellow_diamond,2024-11-22 15:07:04
2925263,- Talstation Wirzwelibahn,46.9251802,8.3914605,yellow::yellow_diamond,2024-11-22 15:07:04
2925264,Dallenwil - Talstation Wirzwelibahn,46.9290802,8.3897597,yellow::yellow_diamond,2024-11-22 15:07:04
2925265,Nechimatt - Wolfenschiessen,46.9015661,8.3891638,yellow::yellow_diamond,2024-11-22 15:07:04
2927311,Wetzwil - Grütwald,47.2275996,8.1282156,yellow::yellow_diamond,2024-11-22 15:07:04
2929107,- Calascio,46.1953995,8.6768197,red:white:red_bar,2024-11-22 15:07:04
2929108,Auressio - Mulegn,46.2096011,8.6828361,red:white:red_bar,2024-11-22 15:07:04
2929110,Costa - Pila,46.1778172,8.6897981,red:white:red_bar,2024-11-22 15:07:04
2929113,Loco - Sella,46.2063365,8.6702102,red:white:red_bar,2024-11-22 15:07:04
2930710,Auressio - Intragna stazione,46.1811003,8.6992805,red:white:red_bar,2024-11-22 15:07:04
2930716,Golino - Intragna stazione,46.1772945,8.7027408,red:white:red_bar,2024-11-22 15:07:04
2930767,Alpe Naccio - Termine,46.1445587,8.6719611,red:white:red_bar,2024-11-22 15:07:04
2930768,Bordei - Rasa,46.1519881,8.6546273,red:white:red_bar,2024-11-22 15:07:04
2930769,Naccio - Termine,46.1488521,8.6870244,red:white:red_bar,2024-11-22 15:07:04
2930770,Progia - Termine,46.1498028,8.6672312,red:white:red_bar,2024-11-22 15:07:04
2930934,Gundelingen - Hildisrieden,47.1442437,8.2392563,yellow::yellow_diamond,2024-11-22 15:07:04
2930935,Hildisrieden - Älmeringe,47.1570559,8.227804,yellow::yellow_diamond,2024-11-22 15:07:04
2930936,Rain - Gundelingen,47.1341671,8.2537905,yellow::yellow_diamond,2024-11-22 15:07:04
2934092,Lido - Seeburg,47.048096,8.3408494,yellow::yellow_diamond,2024-11-22 15:07:04
2936094,Ober Hundgellen - Morentaler Wald,47.1621786,8.1924263,yellow::yellow_diamond,2024-11-22 15:07:04
2937908,Bad Lauterbach - Wartburghof,47.3297106,7.9350213,yellow::yellow_diamond,2024-11-22 15:07:04
2937909,Niedergösgen - Erlinsbach Stauwehr,47.37965,8.0053063,yellow::yellow_diamond,2024-11-22 15:07:04
2937912,Sälischlössli - Aarburg,47.3276902,7.9108055,yellow::yellow_diamond,2024-11-22 15:07:04
2937914,Uerkheim - ?,47.3042475,8.0292822,yellow::yellow_diamond,2024-11-22 15:07:04
2939841,Hundgellen - Eich,47.1539985,8.1779959,yellow::yellow_diamond,2024-11-22 15:07:04
2940272,Voremwald - Eichwald,47.1653335,8.1723783,yellow::yellow_diamond,2024-11-22 15:07:04
2940578,Voremwald - Schenkon,47.1695251,8.150119,yellow::yellow_diamond,2024-11-22 15:07:04
2946379,Stansstad - fixme,46.9780454,8.337141,yellow::yellow_diamond,2024-11-22 15:07:04
2946439,Bürgenberg - fixme,46.972255,8.3640803,yellow::yellow_diamond,2024-11-22 15:07:04
2946729,Chänzili - Mattgrat,46.9989204,8.4117099,yellow::yellow_diamond,2024-11-22 15:07:04
2946730,Chänzili - Hametschwand,47.0002047,8.4020369,yellow::yellow_diamond,2024-11-22 15:07:04
2946731,Chänzili - Hametschwand Lift,47.0004452,8.4020554,yellow::yellow_diamond,2024-11-22 15:07:04
2946732,Honegg - Chänzili,46.9973246,8.4049491,yellow::yellow_diamond,2024-11-22 15:07:04
2946733,Honegg - Hauwald,46.9962028,8.3966117,yellow::yellow_diamond,2024-11-22 15:07:04
2950961,Aussichtspunkt Hametschwand - Hametschwand,47.0004534,8.3974594,yellow::yellow_diamond,2024-11-22 15:07:04
2950964,Taverna - Trogen,46.997506,8.3866903,yellow::yellow_diamond,2024-11-22 15:07:04
2950981,Hametschwand Lift - Boden,46.9971007,8.3883223,yellow::yellow_diamond,2024-11-22 15:07:04
2960848,Staufen - Schafisheim,47.3780426,8.1532097,yellow::yellow_diamond,2024-11-22 15:07:04
2978263,Diepflingen - Thürnen,47.4520394,7.8338428,yellow::yellow_diamond,2024-11-22 15:07:04
2978266,Gretzenbach - Eich,47.3503084,7.994126,yellow::yellow_diamond,2024-11-22 15:07:04
2978270,Liestal - Bintal - Bienenberg,47.4894826,7.7226719,yellow::yellow_diamond,2024-11-22 15:07:04
2978272,Olten - Rüti,47.3463432,7.9256848,yellow::yellow_diamond,2024-11-22 15:07:04
2978273,Olten - Trimbach,47.3573598,7.9030568,yellow::yellow_diamond,2024-11-22 15:07:04
2978279,Trimbach - Hauenstein,47.372402,7.8776713,yellow::yellow_diamond,2024-11-22 15:07:04
2978280,Olten HB - Trimbach,47.3596314,7.8948203,yellow::yellow_diamond,2024-11-22 15:07:04
2982559,Bommer Weier - Langrickenbach,47.606931,9.1872964,yellow::yellow_diamond,2024-11-22 15:07:04
2982560,Ellighausen - Bommer Weier,47.6163331,9.1455009,yellow::yellow_diamond,2024-11-22 15:07:04
2982626,Wertbühl - Buerglen,47.5410208,9.1434389,yellow::yellow_diamond,2024-11-22 15:07:04
2982892,Bommer Weier - Kreuzlingen,47.6353218,9.167701,yellow::yellow_diamond,2024-11-22 15:07:04
2991120,Rottannhubel - Giger,47.2712497,7.9869713,yellow::yellow_diamond,2024-11-22 15:07:04
2993037,Naturlehrgebiet - Schloss Wyher,47.1434914,8.0256986,yellow::yellow_diamond,2024-11-22 15:07:04
3002769,Kölliken - Rottannen,47.3226411,8.0073932,yellow::yellow_diamond,2024-11-22 15:07:04
3002770,Kölliker Tann - Chessel - Engelberg,47.3351199,7.9775424,yellow::yellow_diamond,2024-11-22 15:07:04
3003781,Steinisweg - Wickacker,46.9700862,7.3036682,yellow::yellow_diamond,2024-11-22 15:07:04
3003782,Steinisweg - Hofe,46.9674624,7.3348134,yellow::yellow_diamond,2024-11-22 15:07:04
3003811,Illiswil - Wickacher,46.9764913,7.3129166,yellow::yellow_diamond,2024-11-22 15:07:04
3005522,Strada Bassa,46.4816311,8.725661,yellow::yellow_diamond,2024-11-22 15:07:04
3006570,St. Niklausen - Schlossfeld,47.116375,7.9937102,yellow::yellow_diamond,2024-11-22 15:07:04
3006827,Maison Monsieur - Chez Bonaparte,47.1424705,6.8279466,yellow::yellow_diamond,2024-11-22 15:07:04
3010311,Giro del Lago,46.3801692,9.7047103,red:white:red_bar,2024-11-22 15:07:04
3019001,Moulins de la Chaux - Usine du Châtelot,47.1223748,6.7778383,yellow::yellow_diamond,2024-11-22 15:07:04
3019002,Usine du Châtelot - Moulins Calame,47.1205967,6.7707935,yellow::yellow_diamond,2024-11-22 15:07:04
3028872,Le Châtelot - Barrage du Châtelot,47.1034286,6.7439746,yellow::yellow_diamond,2024-11-22 15:07:04
3028873,Moulins Calame - Le Châtelot,47.1127055,6.75224,yellow::yellow_diamond,2024-11-22 15:07:04
3047871,Höchflue - Reider Lätten,47.233493,7.9950472,yellow::yellow_diamond,2024-11-22 15:07:04
3047872,Lätten - Reider Lätten,47.2322137,8.0222055,yellow::yellow_diamond,2024-11-22 15:07:04
3047873,Lätten - Schlatt,47.2459765,8.0173017,yellow::yellow_diamond,2024-11-22 15:07:04
3047877,Triengen - Wellnau,47.2366058,8.0836135,yellow::yellow_diamond,2024-11-22 15:07:04
3047878,Triengen - Winikon,47.238551,8.0637005,yellow::yellow_diamond,2024-11-22 15:07:04
3047879,Winikon - Lätten,47.2340188,8.04147,yellow::yellow_diamond,2024-11-22 15:07:04
3047880,Äbnet - Schlatt,47.2528767,8.0085113,yellow::yellow_diamond,2024-11-22 15:07:04
3064401,Barrage du Châtelot - Saut du Doubs,47.0940839,6.7314799,yellow::yellow_diamond,2024-11-22 15:07:04
3064402,Hôtel du Saut du Doubs - Saut du Doubs,47.0855891,6.7115998,yellow::yellow_diamond,2024-11-22 15:07:04
3064403,Parc de la crête - Gare des Brenets,47.0695992,6.7076059,yellow::yellow_diamond,2024-11-22 15:07:04
3068722,Hitusvorsass - fixme,46.707785,7.2291271,yellow::yellow_diamond,2024-11-22 15:07:04
3070214,Bickrüti - Gipf,47.4361619,8.3808208,yellow::yellow_diamond,2024-11-22 15:07:04
3072927,Sparrenberg - Grünwald,47.4186015,8.4678331,yellow::yellow_diamond,2024-11-22 15:07:04
3072990,Gubrist - Glaubeneich,47.4213011,8.4620646,yellow::yellow_diamond,2024-11-22 15:07:04
3073167,Bühl - Geroldswil,47.4241979,8.4112413,yellow::yellow_diamond,2024-11-22 15:07:04
3073168,Altberg - Dällikon,47.4366165,8.4246289,yellow::yellow_diamond,2024-11-22 15:07:04
3074710,Altberg - Rotris,47.4358403,8.4037879,yellow::yellow_diamond,2024-11-22 15:07:04
3074712,Altberg - Vorderhüttikerberg,47.4381068,8.3974445,yellow::yellow_diamond,2024-11-22 15:07:04
3077893,Post - Surseestrasse,47.1484552,8.0178154,yellow::yellow_diamond,2024-11-22 15:07:04
3083963,Weberweid - Leissigbärgli,46.6454569,7.8068266,red:white:red_bar,2024-11-22 15:07:04
3084080,La Sage - Villa,46.1028608,7.51352,yellow::yellow_diamond,2024-11-22 15:07:04
3084159,Villa - Cotter,46.1116838,7.5138615,yellow::yellow_diamond,2024-11-22 15:07:04
3084176,Volvovron - L'A Vieille,46.1426502,7.4901799,yellow::yellow_diamond,2024-11-22 15:07:04
3084212,Becs de Bosson - Le Louché Lac,46.1707341,7.5065956,red:white:red_bar,2024-11-22 15:07:04
3095254,Schimbrig Bad - fixme,46.9358662,8.0996434,red:white:red_bar,2024-11-22 15:07:04
3096074,Oberseewen - Fürstein,46.8928862,8.0769586,red:white:red_bar,2024-11-22 15:07:04
3096076,Glaubenberg - Seewenegg,46.8867636,8.0997013,yellow::yellow_diamond,2024-11-22 15:07:04
3107289,Nideränzi - Grüebli,47.005887,7.9276244,yellow::yellow_diamond,2024-11-22 15:07:04
3107332,Mittler Ei - Luthernbad,47.0231704,7.9294249,yellow::yellow_diamond,2024-11-22 15:07:04
3113298,Liebergott - Hinter Tannenfels,47.1431744,8.1020519,yellow::yellow_diamond,2024-11-22 15:07:04
3117676,Schwarzsee Bad - Schwarzsee Bad Seeweid,46.6633326,7.2728291,yellow::yellow_diamond,2024-11-22 15:07:04
3117692,Schwarzsee Bad Seeweid - Unteri (Steinig) Rippa,46.6565036,7.2632401,yellow::yellow_diamond,2024-11-22 15:07:04
3117754,Patraflon - fixme,46.6417835,7.2381172,yellow::yellow_diamond,2024-11-22 15:07:04
3117811,Brecca - fixme,46.6448412,7.2729906,yellow::yellow_diamond,2024-11-22 15:07:04
3121708,Eggiwil - Hellstäg,46.8764742,7.797484,yellow::yellow_diamond,2024-11-22 15:07:04
3121709,Dieboldswil - Horben,46.8966245,7.7787986,yellow::yellow_diamond,2024-11-22 15:07:04
3121739,Schüpbach,46.9276615,7.7368231,yellow::yellow_diamond,2024-11-22 15:07:04
3121943,Usser Glass-Glaser Grat,46.6811273,9.3420791,red:white:red_bar,2024-11-22 15:07:04
3131195,Werthenstein - Schachen,47.0478274,8.1231438,yellow::yellow_diamond,2024-11-22 15:07:04
3134846,Heidelpass - Malanseralp,46.9376838,9.3361207,red:white:red_bar,2024-11-22 15:07:04
3136538,Steinweid - Huprächigen,47.1210029,8.1429883,yellow::yellow_diamond,2024-11-22 15:07:04
3136539,Huprächtigen - Flüss,47.1156129,8.1450653,yellow::yellow_diamond,2024-11-22 15:07:04
3136562,Flüss - Mittelarig,47.1129585,8.1346458,yellow::yellow_diamond,2024-11-22 15:07:04
3145934,Cascina delle Bolla - Lago della Sella,46.5564596,8.5884525,red:white:red_bar,2024-11-22 15:07:04
3145935,Lago della Piaza - Cascina delle Bolla,46.5549361,8.5757608,red:white:red_bar,2024-11-22 15:07:04
3146080,Lago della Sella - Sunnsbühl,46.5748894,8.6247679,red:white:red_bar,2024-11-22 15:07:04
3146081,Lago della Sella - fixme,46.5591691,8.6086726,red:white:red_bar,2024-11-22 15:07:04
3146565,Vermigel - Wildenmattensee,46.5926695,8.6653565,red:white:red_bar,2024-11-22 15:07:04
3147125,Oberalppass - Tschamut,46.6552837,8.6901578,red:white:red_bar,2024-11-22 15:07:04
3148002,Flühli - Wald,46.8860297,8.0158514,yellow::yellow_diamond,2024-11-22 15:07:04
3148003,Chragen - Hüttlenen,46.8720815,8.0245562,yellow::yellow_diamond,2024-11-22 15:07:04
3148004,Schlund - Rüchiloch,46.8841491,8.0308026,blue:white:blue_bar,2024-11-22 15:07:04
3148005,Schlund - Schwandalp,46.8815067,8.0224089,yellow::yellow_diamond,2024-11-22 15:07:04
3148006,Vorder Rüchi - Chragen,46.8723901,8.0426731,red:white:red_bar,2024-11-22 15:07:04
3148011,Rüchiloch - Vorder Rüchi,46.8786002,8.0398446,red:white:red_bar,2024-11-22 15:07:04
3149271,Ober Rascheins-Glaspass,46.6895862,9.3565005,red:white:red_bar,2024-11-22 15:07:04
3150658,Alla Baita-Alpe di Cruina,46.478469,8.4495782,red:white:red_bar,2024-11-22 15:07:04
3150659,Alpe di Cruina-Capanna Corno Gris,46.4730743,8.4237642,red:white:red_bar,2024-11-22 15:07:04
3150660,Capanna Corno Gries-Ladstafel,46.469227,8.3779552,red:white:red_bar,2024-11-22 15:07:04
3150661,Ladstafel-Ulrichen,46.495849,8.3343658,yellow::yellow_diamond,2024-11-22 15:07:04
3151076,Blüemlismatt - Schlosshöchi,47.3300955,7.7773506,yellow::yellow_diamond,2024-11-22 15:07:04
3151757,Parkplatz A4 - Truben,47.0371465,8.5507731,yellow::yellow_diamond,2024-11-22 15:07:04
3152212,Gätterlipass - Ried/Twäriberg,47.0195422,8.5558267,red:white:red_bar,2024-11-22 15:07:04
3152214,Gätterlipass - Zilistock,47.0119775,8.5537966,red:white:red_bar,2024-11-22 15:07:04
3152215,Gätterlipass - Hasenbüel,47.0176897,8.5467021,yellow::yellow_diamond,2024-11-22 15:07:04
3152216,Gätterlipass - Burggeist,47.0222634,8.5380154,yellow::yellow_diamond,2024-11-22 15:07:04
3158345,See - Schloss Wartensee,47.1165886,8.1764972,yellow::yellow_diamond,2024-11-22 15:07:04
3158346,Schloss Wartensee - Schlosswald,47.1121569,8.1696229,yellow::yellow_diamond,2024-11-22 15:07:04
3163931,Lieli - Ibenmoos,47.2035877,8.3055266,yellow::yellow_diamond,2024-11-22 15:07:04
3163932,Ligschwil - Herbrig - Rain,47.1423766,8.2714573,yellow::yellow_diamond,2024-11-22 15:07:04
3163933,Müswangen - Sulzerberg,47.2322632,8.2953158,yellow::yellow_diamond,2024-11-22 15:07:04
3163936,Ottenhusen - Ballwil,47.1587196,8.3228979,yellow::yellow_diamond,2024-11-22 15:07:04
3163937,Räckebrunne - Urswil,47.1478204,8.3024637,yellow::yellow_diamond,2024-11-22 15:07:04
3165530,Unteregg - Gettnau,47.1371729,7.9713238,yellow::yellow_diamond,2024-11-22 15:07:04
3181920,Zofingen - Strengelbach - Ob. Sennhof,47.2689152,7.9217967,yellow::yellow_diamond,2024-11-22 15:07:04
3189749,Schwaderloch Zollhaus - Rheinkanal,47.5893794,8.1373869,yellow::yellow_diamond,2024-11-22 15:07:04
3207208,Brittnau - Fröschengüllen,47.2595342,7.9380151,yellow::yellow_diamond,2024-11-22 15:07:04
3207209,Dagmersellen - Lätten,47.222093,8.0101407,yellow::yellow_diamond,2024-11-22 15:07:04
3207210,Flüe - Babeliplatz,47.1769559,7.8683208,yellow::yellow_diamond,2024-11-22 15:07:04
3207211,Flüe - Ober Berghof,47.1958943,7.8681539,yellow::yellow_diamond,2024-11-22 15:07:04
3207212,Fröschengüllen -Ober Sennhof,47.2549384,7.9138081,yellow::yellow_diamond,2024-11-22 15:07:04
3207215,St. Urban - Balzenwil,47.2399552,7.8571468,yellow::yellow_diamond,2024-11-22 15:07:04
3207216,St. Urban - Ober Berghof,47.2198836,7.8501278,yellow::yellow_diamond,2024-11-22 15:07:04
3207217,Wiggeruferweg,47.2281538,7.9718336,yellow::yellow_diamond,2024-11-22 15:07:04
3207274,Ober Sennhof - Balzenwil,47.2484646,7.887119,yellow::yellow_diamond,2024-11-22 15:07:04
3208552,Neftenbach - Ober Buch am Irchel,47.5373691,8.6454145,yellow::yellow_diamond,2024-11-22 15:07:04
3209085,Desibach - Henggart,47.5582426,8.6641174,yellow::yellow_diamond,2024-11-22 15:07:04
3225540,Pass Umbrail - Piz da las Trais Linguas - Piz Cotschen,46.5368273,10.4476823,red:white:red_bar,2024-11-22 15:07:04
3225587,Blockhaus - Alp Prasüra - Sella da Piz Cotschen,46.5657442,10.451257,red:white:red_bar,2024-11-22 15:07:04
3225595,Sta. Maria - Pass Umbrail,46.5717224,10.4310903,red:white:red_bar,2024-11-22 15:07:04
3233662,Hämikon - Bleulike,47.2348234,8.268724,yellow::yellow_diamond,2024-11-22 15:07:04
3235486,Fasiswald - Chambersberg,47.3601942,7.8257798,yellow::yellow_diamond,2024-11-22 15:07:04
3238575,Pass dal Fuorn - Süsom Tschierv,46.635112,10.3092865,red:white:red_bar,2024-11-22 15:07:04
3255958,Gerstelflue - Vorder Gerstel,47.3801099,7.7577631,yellow::yellow_diamond,2024-11-22 15:07:04
3255959,Rehhak - fixme,47.3790114,7.7744597,yellow::yellow_diamond,2024-11-22 15:07:04
3265849,Brotträger - fixme,47.3781045,7.7018385,yellow::yellow_diamond,2024-11-22 15:07:04
3265850,Bärengraben - Brotträger,47.3793212,7.7034891,yellow::yellow_diamond,2024-11-22 15:07:04
3265895,Hintere Wasserfallen - fixme,47.3741447,7.6959837,yellow::yellow_diamond,2024-11-22 15:07:04
3282881,Hällerhof - Löö - Gettnau,47.1437065,7.9594686,yellow::yellow_diamond,2024-11-22 15:07:04
3283488,Bettlachrank - Burgannisloch,47.2123505,7.3955683,yellow::yellow_diamond,2024-11-22 15:07:04
3283501,Burgannisloch - Büelen,47.2103301,7.3971088,yellow::yellow_diamond,2024-11-22 15:07:04
3303629,Combasson-Petit Cernets,46.91766,6.465251,yellow::yellow_diamond,2024-11-22 15:07:04
3316626,Buttisholz-Luternau-Bühl,47.1256556,8.1042475,yellow::yellow_diamond,2024-11-22 15:07:04
3331435,Col des Roches - Les Roches Voumard,47.0512778,6.7217429,yellow::yellow_diamond,2024-11-22 15:07:04
3331436,Les Roches Voumard - les Roches Voumard,47.0516296,6.7206368,yellow::yellow_diamond,2024-11-22 15:07:04
3331460,Les Roches Voumard - fixme,47.0544577,6.7302614,yellow::yellow_diamond,2024-11-22 15:07:04
3331461,Les Roches Voumard - les Roches Voumard,47.0513322,6.7213053,yellow::yellow_diamond,2024-11-22 15:07:04
3331760,Les Frêtes - Les Recrettes,47.077221,6.7318798,yellow::yellow_diamond,2024-11-22 15:07:04
3331791,Les Recrettes - Saut du Doubs,47.0831919,6.7205488,yellow::yellow_diamond,2024-11-22 15:07:04
3350861,Büezwil - Wilistatt,47.1111908,8.1759591,yellow::yellow_diamond,2024-11-22 15:07:04
3402723,Vorder Rein - Stilli,47.5109063,8.2298661,yellow::yellow_diamond,2024-11-22 15:07:04
3407589,Heitere - Forst,46.91795,7.3205248,yellow::yellow_diamond,2024-11-22 15:07:04
3407592,Forst - Bruucheren,46.9192165,7.3310359,yellow::yellow_diamond,2024-11-22 15:07:04
3420746,Rebenweg,47.3913256,7.7587319,yellow::yellow_diamond,2024-11-22 15:07:04
3420815,Hölstein-Langenbruck,47.4064301,7.7604797,yellow::yellow_diamond,2024-11-22 15:07:04
3449187,Liebewil - Thörishaus Station,46.9039154,7.3625559,yellow::yellow_diamond,2024-11-22 15:07:04
3449283,Hangried - Hängebrüggli,46.8654744,7.3574947,yellow::yellow_diamond,2024-11-22 15:07:04
3449295,Alte Scharzwasserbrücke - Sensegraben (Büffel),46.8671862,7.3602687,yellow::yellow_diamond,2024-11-22 15:07:04
3449297,Sensegraben (Büffel) - Sensematt,46.8771924,7.3539943,yellow::yellow_diamond,2024-11-22 15:07:04
3458943,Gettnau - Obere Stalde,47.140217,7.9752431,yellow::yellow_diamond,2024-11-22 15:07:04
3467205,Schloss Wyher - Vorder Brästenegg,47.1414691,8.0198127,yellow::yellow_diamond,2024-11-22 15:07:04
3467206,Vorder Brästenegg - Ettiswil (Post),47.1452254,8.0166868,yellow::yellow_diamond,2024-11-22 15:07:04
3473904,Mittelhäusern - Niederscherli,46.8822902,7.3761275,yellow::yellow_diamond,2024-11-22 15:07:04
3498556,Mittelarig - St.Ottilien,47.1081261,8.1122961,yellow::yellow_diamond,2024-11-22 15:07:04
3501496,Bümpliz Süd - Ausserholigen,46.9402892,7.401956,yellow::yellow_diamond,2024-11-22 15:07:04
3501669,Schlatt - Längacher,46.8660111,7.383835,yellow::yellow_diamond,2024-11-22 15:07:04
3501687,Sensegraben (Büffel) - Riedburg,46.8698851,7.3599255,yellow::yellow_diamond,2024-11-22 15:07:04
3508103,Nidegg - Nidegghöchi,46.8495643,7.3772737,yellow::yellow_diamond,2024-11-22 15:07:04
3508209,Nidegghöchi - Chrummoos,46.8472494,7.3729851,yellow::yellow_diamond,2024-11-22 15:07:04
3508237,Ried - Wahlern,46.8313492,7.3588149,yellow::yellow_diamond,2024-11-22 15:07:04
3516482,Talweiher - Postauto,47.4515934,7.9284549,yellow::yellow_diamond,2024-11-22 15:07:04
3516842,Rothenfluh - Rothenfluh,47.4617239,7.9135764,yellow::yellow_diamond,2024-11-22 15:07:04
3525943,Buech - Oberbottigen,46.9396073,7.3504452,yellow::yellow_diamond,2024-11-22 15:07:04
3526034,Fuessacher - Forst,46.9220404,7.3230055,yellow::yellow_diamond,2024-11-22 15:07:04
3526042,Fuessacher - Bruucheren,46.9223199,7.328456,yellow::yellow_diamond,2024-11-22 15:07:04
3531830,Gelterfingen - Chramburg,46.8430063,7.518443,yellow::yellow_diamond,2024-11-22 15:07:04
3531831,Gelterfingen,46.8403907,7.5153086,yellow::yellow_diamond,2024-11-22 15:07:04
3531859,Chramburg - Schlatt,46.8458592,7.5199287,yellow::yellow_diamond,2024-11-22 15:07:04
3531906,Schlatt - Hostete,46.8515279,7.5207348,yellow::yellow_diamond,2024-11-22 15:07:04
3531911,Belpberg/Chutze,46.8599262,7.5258902,yellow::yellow_diamond,2024-11-22 15:07:04
3533292,Murten/Station - fixme,46.9292834,7.130846,yellow::yellow_diamond,2024-11-22 15:07:04
3533349,Oberburg - Ulmiz,46.927077,7.1735399,yellow::yellow_diamond,2024-11-22 15:07:04
3533829,Ulmiz - Biberen/Mühle,46.9361999,7.2059945,yellow::yellow_diamond,2024-11-22 15:07:04
3533842,Biberen/Mühle - Rizenbach,46.9415626,7.2181985,yellow::yellow_diamond,2024-11-22 15:07:04
3533867,Gümmenen,46.9441908,7.2432472,yellow::yellow_diamond,2024-11-22 15:07:04
3533914,Gümmenen - Mühleberg,46.949961,7.2529155,yellow::yellow_diamond,2024-11-22 15:07:04
3533917,Mühleberg - Buech,46.9523039,7.2653909,yellow::yellow_diamond,2024-11-22 15:07:04
3533953,Heggidorn - Riedbach/Mühle,46.948647,7.3154794,yellow::yellow_diamond,2024-11-22 15:07:04
3560751,Schrufenegg - Steinhusen,47.0449703,8.0515323,yellow::yellow_diamond,2024-11-22 15:07:04
3560758,Steinhusen - Guetenegg,47.0486614,8.0211999,yellow::yellow_diamond,2024-11-22 15:07:04
3560772,Guetenegg - Oberlehn,47.0457169,7.9917251,yellow::yellow_diamond,2024-11-22 15:07:04
3561805,Riedbach/Station - Fuessacher,46.9332531,7.3224441,yellow::yellow_diamond,2024-11-22 15:07:04
3565181,Oberulmiz - Moosgraben,46.8933412,7.4405016,yellow::yellow_diamond,2024-11-22 15:07:04
3565189,Moosgraben - Zingghöch,46.8886763,7.435384,yellow::yellow_diamond,2024-11-22 15:07:04
3565233,Zingghöch - Oberscherli,46.884629,7.4248442,yellow::yellow_diamond,2024-11-22 15:07:04
3565332,Gassershus - Borisried/Schulhaus,46.8620574,7.4166306,yellow::yellow_diamond,2024-11-22 15:07:04
3565369,Borisried - Schlatt,46.8605802,7.3994891,yellow::yellow_diamond,2024-11-22 15:07:04
3565421,Grabenmüli - Grafenried,46.8865811,7.3673195,yellow::yellow_diamond,2024-11-22 15:07:04
3569006,Riedtwil - Mutzgraben,47.1347274,7.7019164,yellow::yellow_diamond,2024-11-22 15:07:04
3569044,Hinter Leggiswil - Wynigen,47.1111309,7.6821325,yellow::yellow_diamond,2024-11-22 15:07:04
3569045,Rüedisbach - Hinter Leggiswil,47.1176673,7.6989419,yellow::yellow_diamond,2024-11-22 15:07:04
3569061,Wynigen - Wynigen,47.105717,7.6669212,yellow::yellow_diamond,2024-11-22 15:07:04
3571751,Littau Matt - Ränggloch,47.0449095,8.2556644,yellow::yellow_diamond,2024-11-22 15:07:04
3573695,Bruggmatt - Chappelbodenbrücke,47.0311552,8.0660598,yellow::yellow_diamond,2024-11-22 15:07:04
3580981,Uetikon Grossdorf - Uetikon Bahnhof,47.263673,8.6779052,yellow::yellow_diamond,2024-11-22 15:07:04
3582500,Chatzerschwand - Aemmital Naturfreundehaus,47.0341519,7.887059,yellow::yellow_diamond,2024-11-22 15:07:04
3582501,Ahorn - Chatzerschwand,47.0428117,7.8765025,yellow::yellow_diamond,2024-11-22 15:07:04
3589323,Luthernbad - Änzegg,47.0203106,7.9194235,yellow::yellow_diamond,2024-11-22 15:07:04
3593457,Huebenfang - A2,47.0873716,8.2595077,yellow::yellow_diamond,2024-11-22 15:07:04
3593458,Rothenburg Station - Neuenkirch,47.0937928,8.2268055,yellow::yellow_diamond,2024-11-22 15:07:04
3599674,Dentenberg/Wirtschaft - Dentenberg,46.9428098,7.5344945,yellow::yellow_diamond,2024-11-22 15:07:04
3599687,Wiler - Dentenberg,46.9453389,7.536791,yellow::yellow_diamond,2024-11-22 15:07:04
3599707,Boll - Boll,46.9542342,7.5483334,yellow::yellow_diamond,2024-11-22 15:07:04
3599794,Schwändi - Mueleren,46.9949654,7.5735136,yellow::yellow_diamond,2024-11-22 15:07:04
3599807,Thorberg - Schwändi,46.9997286,7.569121,yellow::yellow_diamond,2024-11-22 15:07:04
3617851,Breitägerte - Wohnheim Kühlewil,46.9049737,7.4653913,yellow::yellow_diamond,2024-11-22 15:07:04
3617852,Kreuzbühl - Kühlewilwald,46.8892156,7.4557391,yellow::yellow_diamond,2024-11-22 15:07:04
3617867,Obermuhlern - Niedermuhlern,46.8652384,7.4621052,yellow::yellow_diamond,2024-11-22 15:07:04
3617873,Buechweid - Gschneit,46.8441866,7.4709166,yellow::yellow_diamond,2024-11-22 15:07:04
3617874,Gschneit - Leuenberg,46.8407532,7.4767439,yellow::yellow_diamond,2024-11-22 15:07:04
3618891,Rossgrabenbrücke - Elisried,46.8248219,7.3868678,yellow::yellow_diamond,2024-11-22 15:07:04
3618892,Elisried - Schönentannen,46.8203622,7.3697987,yellow::yellow_diamond,2024-11-22 15:07:04
3618908,Schönentannen - Galgenzälg,46.8179795,7.3572097,yellow::yellow_diamond,2024-11-22 15:07:04
3619021,Ober Helgisried - Rüeggisberg,46.8189441,7.4329692,yellow::yellow_diamond,2024-11-22 15:07:04
3619035,Wädenswil - Richterswil (Seeweg),47.2191989,8.6905694,yellow::yellow_diamond,2024-11-22 15:07:04
3625565,Lenzburg - Ammerswil - Grossmoos,47.3699828,8.1950831,yellow::yellow_diamond,2024-11-22 15:07:04
3633081,Lavorgo-Nivo,46.4379976,8.843186,yellow::yellow_diamond,2024-11-22 15:07:04
3633082,Nivo-Chironico,46.4290867,8.8431712,yellow::yellow_diamond,2024-11-22 15:07:04
3633709,Wohnheim Kühlewil - Englisberg,46.8970627,7.4651436,yellow::yellow_diamond,2024-11-22 15:07:04
3633888,Eybrunne - Abegg-Stiftung,46.8140684,7.4918946,yellow::yellow_diamond,2024-11-22 15:07:04
3633939,Abegg-Stiftung - Mülibach,46.8129647,7.4946449,yellow::yellow_diamond,2024-11-22 15:07:04
3633963,La Combe - Les Fouchies,47.307806,7.3296348,yellow::yellow_diamond,2024-11-22 15:07:04
3639400,Hollerengraben - Scharzenbrünnen,46.9266556,7.2956311,yellow::yellow_diamond,2024-11-22 15:07:04
3640246,Luterenächer - Niderwil,47.159229,7.9708219,yellow::yellow_diamond,2024-11-22 15:07:04
3642140,Moos,47.1695268,8.0068599,yellow::yellow_diamond,2024-11-22 15:07:04
3645001,Lenzburg - Niederlenz - Wildegg,47.4028605,8.1771582,yellow::yellow_diamond,2024-11-22 15:07:04
3651010,Schwarzenburg Marktplatz - Wart,46.8231664,7.3394764,yellow::yellow_diamond,2024-11-22 15:07:04
3651011,Wart - Torenöli,46.8256725,7.3339428,yellow::yellow_diamond,2024-11-22 15:07:04
3651981,Fröschengüllen - Chilchberg,47.2624374,7.9275355,yellow::yellow_diamond,2024-11-22 15:07:04
3652027,Brönnti Egg - Martene,46.7259229,7.3189284,yellow::yellow_diamond,2024-11-22 15:07:04
3652030,Zollhaus,46.715076,7.30942,yellow::yellow_diamond,2024-11-22 15:07:04
3654160,Zollhaus - Rufenen,46.7226809,7.3014667,yellow::yellow_diamond,2024-11-22 15:07:04
3655314,Zumholz - Brand,46.7566784,7.2918584,yellow::yellow_diamond,2024-11-22 15:07:04
3655424,Melisried - fixme,46.8112506,7.2879704,yellow::yellow_diamond,2024-11-22 15:07:04
3666374,Gärbihof - Unter Waltringen,47.0859548,7.7688705,yellow::yellow_diamond,2024-11-22 15:07:04
3668428,Ried - Ober Ramisberg,46.9885257,7.7457977,yellow::yellow_diamond,2024-11-22 15:07:04
3669627,Fluehüsli - Sonnenberg,46.997492,7.8019758,yellow::yellow_diamond,2024-11-22 15:07:04
3670096,Stächelegg - Trimle,47.000073,7.9517542,yellow::yellow_diamond,2024-11-22 15:07:04
3670101,Trimle - Hängelenflue,46.9886019,7.950395,yellow::yellow_diamond,2024-11-22 15:07:04
3670104,Hängelenflue - Champechnubel,46.9778111,7.9480296,yellow::yellow_diamond,2024-11-22 15:07:04
3670133,Champechnubel - Chrüzboden,46.9676874,7.9390855,yellow::yellow_diamond,2024-11-22 15:07:04
3670137,Rachisberg - Almisbergegg,47.0454123,7.675821,yellow::yellow_diamond,2024-11-22 15:07:04
3670138,Rachisberg - fixme,47.050938,7.6630247,yellow::yellow_diamond,2024-11-22 15:07:04
3670140,Grätliegg - Altengratswchwendi,46.9513369,7.9276774,yellow::yellow_diamond,2024-11-22 15:07:04
3670146,Rachisberg - fixme,47.0394006,7.680606,yellow::yellow_diamond,2024-11-22 15:07:04
3670232,Altengratswchwendi - Ober Altgfähl,46.9411601,7.913354,yellow::yellow_diamond,2024-11-22 15:07:04
3670233,Altgfähl - Hinter Risiegg,46.936732,7.8947861,yellow::yellow_diamond,2024-11-22 15:07:04
3670235,Ober Altgfähl - Altgfähl,46.9379615,7.9003337,yellow::yellow_diamond,2024-11-22 15:07:04
3670244,Trubschachen,46.9220818,7.8461006,yellow::yellow_diamond,2024-11-22 15:07:04
3670311,Almisbergegg - Linden,47.0516027,7.6823902,yellow::yellow_diamond,2024-11-22 15:07:04
3670312,Almisbergegg - fixme,47.0460637,7.6805294,yellow::yellow_diamond,2024-11-22 15:07:04
3670366,Zitistuegg - Linden,47.057348,7.6844551,yellow::yellow_diamond,2024-11-22 15:07:04
3670367,Linden - Vorder Rinderbach,47.0544067,7.6888323,yellow::yellow_diamond,2024-11-22 15:07:04
3670398,Zitistuegg - Vorder Rinderbach,47.0560543,7.6901769,yellow::yellow_diamond,2024-11-22 15:07:04
3670451,Ober Scheidegg - Büelfeld,47.0519797,7.7192725,yellow::yellow_diamond,2024-11-22 15:07:04
3670670,Affoltern/Schaukäserei - Affoltern,47.0644631,7.7317975,yellow::yellow_diamond,2024-11-22 15:07:04
3670671,Büelfeld - Affoltern/Schaukäserei,47.0595563,7.7322093,yellow::yellow_diamond,2024-11-22 15:07:04
3670672,Büelfeld - Hegenegglücke,47.0496532,7.733946,yellow::yellow_diamond,2024-11-22 15:07:04
3670739,Affoltern - Bushaltestelle,47.0648185,7.7318212,yellow::yellow_diamond,2024-11-22 15:07:04
3670740,Affoltern - Schnabel,47.0674954,7.7272438,yellow::yellow_diamond,2024-11-22 15:07:04
3670741,Affoltern - Affoltern Weiher,47.0648593,7.7408745,yellow::yellow_diamond,2024-11-22 15:07:04
3670744,Schnabel - Junkholz,47.0716542,7.7186177,yellow::yellow_diamond,2024-11-22 15:07:04
3671008,Bartholomäus-Kapelle - fixme,47.0605158,7.6342051,yellow::yellow_diamond,2024-11-22 15:07:04
3711229,Wydematt - Soppiseewald,47.1026244,8.0835317,yellow::yellow_diamond,2024-11-22 15:07:04
3779583,Oberdorf - Dogelzwil,47.1488724,8.0803245,yellow::yellow_diamond,2024-11-22 15:07:04
3781566,Altenberg - Lammertholz,47.4638593,7.9821873,yellow::yellow_diamond,2024-11-22 15:07:04
3781568,Stüsslingen - Niedererlinsbach,47.3933814,7.9889243,yellow::yellow_diamond,2024-11-22 15:07:04
3782958,Buttes - fixme,46.8891891,6.5529243,yellow::yellow_diamond,2024-11-22 15:07:04
3782959,Buttes - fixme,46.8862991,6.5594549,yellow::yellow_diamond,2024-11-22 15:07:04
3785744,La Merlaz - Le Sollier,46.8463918,6.5257714,yellow::yellow_diamond,2024-11-22 15:07:04
3785746,Le Sollier - fixme,46.8455533,6.5211477,yellow::yellow_diamond,2024-11-22 15:07:04
3785747,Le Sollier - fixme,46.8395646,6.5220146,yellow::yellow_diamond,2024-11-22 15:07:04
3786508,Noirvaux - Saint Olivier,46.8547612,6.5037478,yellow::yellow_diamond,2024-11-22 15:07:04
3787878,Saint Olivier - fixme,46.8555082,6.4940226,yellow::yellow_diamond,2024-11-22 15:07:04
3789558,Hapfere - Lehmas Bärgli,46.7221644,7.2758844,yellow::yellow_diamond,2024-11-22 15:07:04
3789563,Lehmas Bärgli - Gross Schwyberg,46.7095818,7.2701624,yellow::yellow_diamond,2024-11-22 15:07:04
3802773,Geissholz - Burgalp,46.7096246,8.2058596,yellow::yellow_diamond,2024-11-22 15:07:04
3802774,Geissholz - Lammi,46.7102638,8.2065291,yellow::yellow_diamond,2024-11-22 15:07:04
3802775,Geissholz - Wychel,46.7079564,8.21213,yellow::yellow_diamond,2024-11-22 15:07:04
3802778,Wychel - Innertkirchen,46.7043421,8.2206885,yellow::yellow_diamond,2024-11-22 15:07:04
3802873,Aareschlucht Osteingang - Innertkirchen,46.7118349,8.2165987,yellow::yellow_diamond,2024-11-22 15:07:04
3802874,Aareschlucht Osteingang - Lammi,46.7118437,8.2155059,yellow::yellow_diamond,2024-11-22 15:07:04
3802875,Meiringen - Aareschlucht Westeingang,46.7207248,8.2014953,yellow::yellow_diamond,2024-11-22 15:07:04
3804654,AarwangenSchloss - Bannwil/Kraftwerk,47.2372783,7.7487077,yellow::yellow_diamond,2024-11-22 15:07:04
3804659,Cartaseta,47.3602614,7.9496867,yellow::yellow_diamond,2024-11-22 15:07:04
3804661,Höfli - Ober Rainban,47.3182295,7.8814062,yellow::yellow_diamond,2024-11-22 15:07:04
3804662,Murgenthal - Fulenbach,47.2711807,7.8354026,yellow::yellow_diamond,2024-11-22 15:07:04
3804664,Stadönz - Kraftwerk Bannwil,47.2274729,7.7265832,yellow::yellow_diamond,2024-11-22 15:07:04
3808650,Hübeli -Ober Graus,47.053432,7.952963,yellow::yellow_diamond,2024-11-22 15:07:04
3808750,Hergiswil - Hübeli,47.074645,7.9551121,yellow::yellow_diamond,2024-11-22 15:07:04
3821552,Dürschwändiwald - Ahorn,47.0561961,7.8683986,yellow::yellow_diamond,2024-11-22 15:07:04
3821553,Freudigenegg - Fritzenflue,47.0549136,7.8233859,yellow::yellow_diamond,2024-11-22 15:07:04
3821554,Freudigenegg - Oberwald Schaber,47.0578543,7.8026585,yellow::yellow_diamond,2024-11-22 15:07:04
3821555,Fritzenflue - Bettler,47.0542081,7.8437151,yellow::yellow_diamond,2024-11-22 15:07:04
3821556,Hegen - Dürschwändiwald,47.0698553,7.8726575,yellow::yellow_diamond,2024-11-22 15:07:04
3821557,Hitzenberg - Hegen,47.0773266,7.8687454,yellow::yellow_diamond,2024-11-22 15:07:04
3821559,Oberwald Schaber - Huttwil,47.0876126,7.8188517,yellow::yellow_diamond,2024-11-22 15:07:04
3821560,Sumiswald - Flüewald,47.0444303,7.7693858,yellow::yellow_diamond,2024-11-22 15:07:04
3822675,Sumiswald - Affoltern / Weier,47.0451981,7.7482661,yellow::yellow_diamond,2024-11-22 15:07:04
3849397,Luan-Ai,46.3629387,6.9908079,red:white:red_bar,2024-11-22 15:07:04
3861303,Brücke Rheinau - Obere Rheinhalde,47.6491544,8.6015754,yellow::yellow_diamond,2024-11-22 15:07:04
3861405,Obere Rheinhalde - fixme,47.6511596,8.6012864,yellow::yellow_diamond,2024-11-22 15:07:04
3861406,Schnellgalgen - fixme,47.6462114,8.5941108,yellow::yellow_diamond,2024-11-22 15:07:04
3861407,Schnellgalgen - fixme,47.6489627,8.5852637,yellow::yellow_diamond,2024-11-22 15:07:04
3862704,Schnellgalgen - Obere Rheinhalde,47.6504626,8.5995738,yellow::yellow_diamond,2024-11-22 15:07:04
3866720,LMS Rüti Morschach - Nägelisgärtli,46.9887842,8.6360532,yellow::yellow_diamond,2024-11-22 15:07:04
3866722,Stoos - Obere Frontalhütte,46.9738697,8.6559287,yellow::yellow_diamond,2024-11-22 15:07:04
3866723,Stoos - Fronalpstock,46.9753582,8.6497683,yellow::yellow_diamond,2024-11-22 15:07:04
3879725,Zünigwald - Obere Stalde,46.6503672,7.6233019,red:white:red_bar,2024-11-22 15:07:04
3879922,Gordevio - Moghegno,46.2284695,8.7323628,yellow::yellow_diamond,2024-11-22 15:07:04
3879923,Gordevio - Pii,46.225783,8.7461714,red:white:red_bar,2024-11-22 15:07:04
3879924,Gordevio - Ör,46.2378483,8.7537267,red:white:red_bar,2024-11-22 15:07:04
3881783,Reichenbach - Reudlenbrücke,46.6233771,7.6879593,yellow::yellow_diamond,2024-11-22 15:07:04
3881784,Reichenbach,46.6253143,7.6900189,yellow::yellow_diamond,2024-11-22 15:07:04
3882120,Seealp,47.2690166,9.3990833,yellow::yellow_diamond,2024-11-22 15:07:04
3901069,Schwarzsee - Riggisalp,46.6653639,7.2952183,red:white:red_bar,2024-11-22 15:07:04
3901080,Riggisalp - Salzmatt,46.6619123,7.309172,red:white:red_bar,2024-11-22 15:07:04
3901120,Kaisereggalp - Vordere Walop,46.6458868,7.3303462,red:white:red_bar,2024-11-22 15:07:04
3901203,Vorder Richisalp - Alpigen,46.6657991,7.3925306,red:white:red_bar,2024-11-22 15:07:04
3901212,Alpigen - Schwadrei,46.6669371,7.4089203,red:white:red_bar,2024-11-22 15:07:04
3914237,Niderbauen-Chulm - Tritthütte,46.9462281,8.5498265,red:white:red_bar,2024-11-22 15:07:04
3914238,Tritthütte - Cholstrasse,46.9388151,8.5276671,red:white:red_bar,2024-11-22 15:07:04
3914239,Cholstrasse - Emmetten,46.9455899,8.5182084,yellow::yellow_diamond,2024-11-22 15:07:04
3931261,Gägger - Süftenen,46.741687,7.3886404,yellow::yellow_diamond,2024-11-22 15:07:04
3931262,Pfyffe - Gägger,46.7431588,7.378288,yellow::yellow_diamond,2024-11-22 15:07:04
3931295,Süftenen - Süftenenhütte,46.7365144,7.3946849,yellow::yellow_diamond,2024-11-22 15:07:04
3931296,Süftenenhütte - Süftenenegg,46.7330198,7.4005547,yellow::yellow_diamond,2024-11-22 15:07:04
3931364,Stockhütte - Gurnigelbad,46.7590747,7.4476566,yellow::yellow_diamond,2024-11-22 15:07:04
3931376,Gurnigelbad - Dürrbach,46.7704863,7.4444128,yellow::yellow_diamond,2024-11-22 15:07:04
3931385,Dürrbach - Schönenbodenwald,46.7785021,7.4526582,yellow::yellow_diamond,2024-11-22 15:07:04
3931467,Neuhus - Oberplötsch,46.7857159,7.4643882,yellow::yellow_diamond,2024-11-22 15:07:04
3931507,Lörtscherei - Neuhus,46.7835654,7.5085437,yellow::yellow_diamond,2024-11-22 15:07:04
3931947,Belpberg/Weidli - Belpberg/Chutze,46.8629224,7.5222362,yellow::yellow_diamond,2024-11-22 15:07:04
3931948,Hostete - Simmlere,46.856019,7.5273185,yellow::yellow_diamond,2024-11-22 15:07:04
3931996,Cheer - Rohrmatt,46.8637907,7.5433092,yellow::yellow_diamond,2024-11-22 15:07:04
3932103,Aeussere Giesse - Münsingen/Bahnhof,46.8703601,7.5540519,yellow::yellow_diamond,2024-11-22 15:07:04
3932104,Münsingen - Münsingen/Kirche,46.8761316,7.5608778,yellow::yellow_diamond,2024-11-22 15:07:04
3932105,Münsingen/Bahnhof - Münsingen,46.8736448,7.5592922,yellow::yellow_diamond,2024-11-22 15:07:04
3932111,Tägertschi/Station - Gysenstein,46.886296,7.5860946,yellow::yellow_diamond,2024-11-22 15:07:04
3932169,Gysenstein - Hürnberg,46.889864,7.5954765,yellow::yellow_diamond,2024-11-22 15:07:04
3940969,Ober Hötschige - Marktplatz,46.8983075,7.6255881,yellow::yellow_diamond,2024-11-22 15:07:04
3941020,Grosshöchstetten,46.906852,7.639597,yellow::yellow_diamond,2024-11-22 15:07:04
3941021,Marktplatz - Grosshöchstetten,46.9071121,7.6369209,yellow::yellow_diamond,2024-11-22 15:07:04
3946836,Blumenberg - Höhi,47.1365462,8.0854942,yellow::yellow_diamond,2024-11-22 15:07:04
3947277,Lauperswil - Neumühle,46.9664543,7.7450317,yellow::yellow_diamond,2024-11-22 15:07:04
3953826,Eggenschwand - Gastern/Waldhaus,46.4707412,7.6624501,yellow::yellow_diamond,2024-11-22 15:07:04
3953933,Waldhaus - Pletschenweidli,46.4559515,7.6892033,yellow::yellow_diamond,2024-11-22 15:07:04
3953968,Gastere/Selde - Heimritz,46.4447,7.7315065,red:white:red_bar,2024-11-22 15:07:04
3953969,Pletschenweidli - Gastere/Selde,46.4467212,7.7203225,yellow::yellow_diamond,2024-11-22 15:07:04
3953994,Kanderfirn - Heimritz,46.4526661,7.7550072,red:white:red_bar,2024-11-22 15:07:04
3954064,Gfelalp - Lötschenpass,46.428145,7.7146898,red:white:red_bar,2024-11-22 15:07:04
3954982,Kummenalp - Eistlin,46.401691,7.7462163,red:white:red_bar,2024-11-22 15:07:04
3954990,Ferden - Harrischfuhre,46.393497,7.7615434,yellow::yellow_diamond,2024-11-22 15:07:04
3955016,Harrischfuhre - Goppenstein,46.3803059,7.7588123,yellow::yellow_diamond,2024-11-22 15:07:04
3961741,Airolo Stazione - Airolo Stazione,46.5275406,8.6089257,yellow::yellow_diamond,2024-11-22 15:07:04
3961791,Airolo/Cimitero - Valle,46.5284475,8.617956,red:white:red_bar,2024-11-22 15:07:04
3965382,Targnett - Calpiogna/Posta,46.4887527,8.8006155,red:white:red_bar,2024-11-22 15:07:04
3965425,Calpiogna/Posta - fixme,46.4864749,8.8050719,red:white:red_bar,2024-11-22 15:07:04
3967900,Prato Bello - Pro Bell,46.4467587,8.8430757,red:white:red_bar,2024-11-22 15:07:04
3967901,Pro Bell - Lombarda,46.4411079,8.8506662,red:white:red_bar,2024-11-22 15:07:04
3967949,Brücke Werd - Brücke Ottenbach,47.2920106,8.3844388,yellow::yellow_diamond,2024-11-22 15:07:04
3967951,Waldhof - Egelsee,47.3943745,8.3619823,yellow::yellow_diamond,2024-11-22 15:07:04
3967952,Hasenberg - Heitersberghöhe,47.3829391,8.3642028,yellow::yellow_diamond,2024-11-22 15:07:04
3967957,Waldhof - Bellikon,47.3876192,8.354349,yellow::yellow_diamond,2024-11-22 15:07:04
3967958,Widenhau - Heitersberghöhe,47.3957983,8.3603012,yellow::yellow_diamond,2024-11-22 15:07:04
3969960,Grund - Schimbrig,46.9371849,8.1226753,blue:white:blue_bar,2024-11-22 15:07:04
3970092,Ober Looeg - Chlusmättili,46.9239526,8.0926001,red:white:red_bar,2024-11-22 15:07:04
3970093,Chlusmättili - Wasserfallenegg,46.911414,8.0736619,red:white:red_bar,2024-11-22 15:07:04
3985145,Altwis - Hämikon,47.2401683,8.2639973,yellow::yellow_diamond,2024-11-22 15:07:04
3985147,Brücke Obfelden - Brücke Ottenbach,47.2720925,8.3993385,yellow::yellow_diamond,2024-11-22 15:07:04
3985148,Brücke Ottenbach - Brücke Rickenbach,47.2719374,8.397813,yellow::yellow_diamond,2024-11-22 15:07:04
4003916,Obertoffen - Toffen/Dorf,46.8604701,7.4856507,yellow::yellow_diamond,2024-11-22 15:07:04
4003917,Toffen/Dorf - Toffen/Station,46.8600356,7.4930572,yellow::yellow_diamond,2024-11-22 15:07:04
4005155,Möntschelewald - Blumenstein/Kirche,46.7207437,7.5164284,red:white:red_bar,2024-11-22 15:07:04
4005172,Blumenstein - Blumenstein/Bad,46.7432403,7.5202544,yellow::yellow_diamond,2024-11-22 15:07:04
4005173,Blumenstein/Kirche - Blumenstein,46.7334701,7.5181084,yellow::yellow_diamond,2024-11-22 15:07:04
4005195,Blumenstein/Bad - Längmoos,46.7517851,7.520103,yellow::yellow_diamond,2024-11-22 15:07:04
4006013,resSchlacht-Denkmal - Clavaleyer,46.9097905,7.0940794,yellow::yellow_diamond,2024-11-22 15:07:04
4007892,Avenches - fixme,46.9001444,7.0397735,yellow::yellow_diamond,2024-11-22 15:07:04
4007988,Avenches - Donatyre,46.8793911,7.0511969,yellow::yellow_diamond,2024-11-22 15:07:04
4007989,La Porte de l'Est - Donatyre,46.8821768,7.0596094,yellow::yellow_diamond,2024-11-22 15:07:04
4010375,pt.690 - nördlich Stockflue,47.008172,8.594852,blue:white:blue_bar,2024-11-22 15:07:04
4010376,Nördlich Stockflue - Stockflue,47.0108985,8.5935354,blue:white:blue_bar,2024-11-22 15:07:04
4010377,Nördlich Stockflue,47.0112018,8.5933299,blue:white:blue_bar,2024-11-22 15:07:04
4010382,Chräjen - fixme,47.0050138,8.5951159,yellow::yellow_diamond,2024-11-22 15:07:04
4010384,Dörfli - Stöck,47.005015,8.5901517,red:white:red_bar,2024-11-22 15:07:04
4011572,Altwis - Ermensee,47.2333447,8.2472203,yellow::yellow_diamond,2024-11-22 15:07:04
4011574,Altwis - Rüediken,47.2493282,8.2600063,yellow::yellow_diamond,2024-11-22 15:07:04
4017705,Affoltern a. A. - Maschwanden,47.2555115,8.4362905,yellow::yellow_diamond,2024-11-22 15:07:04
4017709,Gisikon-Root - Pfaffwil,47.1255761,8.3907879,yellow::yellow_diamond,2024-11-22 15:07:04
4017710,Hünenberg - Wart,47.1792507,8.4247319,yellow::yellow_diamond,2024-11-22 15:07:04
4017719,Wart - Frauental,47.1998621,8.4236674,yellow::yellow_diamond,2024-11-22 15:07:04
4048689,Chammhalde - Potersalp,47.2672986,9.3388967,yellow::yellow_diamond,2024-11-22 15:07:04
4054726,Unterebersol - Ferren,47.1805401,8.2998001,yellow::yellow_diamond,2024-11-22 15:07:04
4073250,Ober Mechlistall - Horn,46.602418,7.5827194,red:white:red_bar,2024-11-22 15:07:04
4073318,Hasenloch - Widacher,46.6297325,7.5783444,yellow::yellow_diamond,2024-11-22 15:07:04
4073320,Springebode - Hasenloch,46.6202311,7.5766934,yellow::yellow_diamond,2024-11-22 15:07:04
4073321,Widacher - Bächlen,46.6420339,7.5781753,yellow::yellow_diamond,2024-11-22 15:07:04
4073378,Steinschlaghore - Tschipparällehore,46.6061732,7.6069441,blue:white:blue_bar,2024-11-22 15:07:04
4074818,Eigenthal - Gantersei,47.0056325,8.2172513,yellow::yellow_diamond,2024-11-22 15:07:04
4077909,Tufft - Tiefmatt,47.3228811,7.7430256,yellow::yellow_diamond,2024-11-22 15:07:04
4077941,Bannwil Bahnhof-Schürhof Aarwangen,47.2462103,7.7464859,yellow::yellow_diamond,2024-11-22 15:07:04
4082642,Buchsiterrank - fixme,47.301416,7.7363012,yellow::yellow_diamond,2024-11-22 15:07:04
4083699,Fulberg - Schwiren,46.9310093,8.5437255,blue:white:blue_bar,2024-11-22 15:07:04
4083700,Schwiren - Oberbauenstock,46.927077,8.5423983,blue:white:blue_bar,2024-11-22 15:07:04
4083704,Zingel - Gandispitz,46.9203487,8.5173711,blue:white:blue_bar,2024-11-22 15:07:04
4087054,Rinderwaldstrasse,46.5254099,7.580713,yellow::yellow_diamond,2024-11-22 15:07:04
4087099,Oberberg - Fildrich,46.5391571,7.5174387,red:white:red_bar,2024-11-22 15:07:04
4087150,Fildrich - Egg,46.555966,7.4951289,yellow::yellow_diamond,2024-11-22 15:07:04
4087172,Kurhaus/Grimmialp - Schwenden,46.5748859,7.4868406,yellow::yellow_diamond,2024-11-22 15:07:04
4087173,"Schwenden i. D., Geissboden",46.5765187,7.4870432,yellow::yellow_diamond,2024-11-22 15:07:04
4087178,Schlatti - Tiermatti,46.5840263,7.4950503,yellow::yellow_diamond,2024-11-22 15:07:04
4089430,Muolte - Schönenberg,47.3235339,7.5344097,yellow::yellow_diamond,2024-11-22 15:07:04
4089435,Seehof/Stägen - fixme,47.310004,7.5345009,yellow::yellow_diamond,2024-11-22 15:07:04
4089436,Seehof/Stägen - fixme,47.3112652,7.5412033,yellow::yellow_diamond,2024-11-22 15:07:04
4097984,Stäfeli - Eiseesattel,46.790173,8.0618478,red:white:red_bar,2024-11-22 15:07:04
4110052,Chemin de la Châtelainie - Neuchâtel La Coudre,47.0113087,6.9616414,yellow::yellow_diamond,2024-11-22 15:07:04
4118635,Zilistock - Bärfallen,47.0045918,8.5636388,red:white:red_bar,2024-11-22 15:07:04
4118636,Bärfallen - Dörfli,47.0045446,8.5817912,red:white:red_bar,2024-11-22 15:07:04
4118637,Egg - Stöck,47.0082361,8.5816131,red:white:red_bar,2024-11-22 15:07:04
4118638,Egg - Bärfallen,47.0080445,8.5739239,red:white:red_bar,2024-11-22 15:07:04
4119195,Appenzell - Flucht,47.337828,9.3959319,yellow::yellow_diamond,2024-11-22 15:07:04
4126330,Banalp / Chrüzhütte - Haghütte,46.8783559,8.4426464,red:white:red_bar,2024-11-22 15:07:04
4126332,Bannalper Schonegg - Chaiserstuel,46.8747079,8.4679734,red:white:red_bar,2024-11-22 15:07:04
4126333,Bannalper Schonegg - Rot Grätli,46.8612228,8.4813927,red:white:red_bar,2024-11-22 15:07:04
4126334,Bannalper Schonegg - Sankt Jakob,46.874907,8.4765594,red:white:red_bar,2024-11-22 15:07:04
4126335,Haghütte - Widderen,46.885698,8.4537936,red:white:red_bar,2024-11-22 15:07:04
4126337,Sinsgäuer Schonegg - Chaiserstuel,46.8824524,8.4737041,blue:white:blue_bar,2024-11-22 15:07:04
4126338,Sinsgäuer Schonegg - Oberalp,46.8824524,8.4742822,blue:white:blue_bar,2024-11-22 15:07:04
4133703,Zweilütschinen - Isenfluh,46.6270216,7.8995566,red:white:red_bar,2024-11-22 15:07:04
4133719,Isenfluh,46.6204155,7.8949994,red:white:red_bar,2024-11-22 15:07:04
4133732,Sengg - Beim Wässerli,46.6198971,7.8855105,red:white:red_bar,2024-11-22 15:07:04
4133741,Beim Wässerli - Kuehbodmen,46.6196123,7.8798442,red:white:red_bar,2024-11-22 15:07:04
4133742,Kuehbodmen - Suls,46.616863,7.87103,red:white:red_bar,2024-11-22 15:07:04
4133745,Suls - Sousegg,46.6115272,7.8619996,red:white:red_bar,2024-11-22 15:07:04
4133787,Sattel - Glütschnessli,46.5820704,7.8069327,red:white:red_bar,2024-11-22 15:07:04
4133794,Glütschnessli - Gruenerli,46.5714733,7.7899997,red:white:red_bar,2024-11-22 15:07:04
4133926,Gruenerli - Spiggergrund,46.5744207,7.7652449,red:white:red_bar,2024-11-22 15:07:04
4156025,Hinter Bilstein - Waldweid,47.3699587,7.7274576,yellow::yellow_diamond,2024-11-22 15:07:04
4176261,Büel - Bürlimoos,47.1170556,8.241997,yellow::yellow_diamond,2024-11-22 15:07:04
4176262,Rain - Büel,47.1268726,8.2536069,yellow::yellow_diamond,2024-11-22 15:07:04
4176274,Hildisrieden - Römerswil,47.1597603,8.2385298,yellow::yellow_diamond,2024-11-22 15:07:04
4177476,Fluemätteli - Unter Hangi,46.8263288,8.2843583,red:white:red_bar,2024-11-22 15:07:04
4177477,Under Hangi - Talischwendli,46.8256567,8.2791891,red:white:red_bar,2024-11-22 15:07:04
4177478,Talischwendli - Arni,46.8219464,8.2683522,red:white:red_bar,2024-11-22 15:07:04
4177480,Frutt - Wandelen,46.8152117,8.2460688,red:white:red_bar,2024-11-22 15:07:04
4177481,Wandelen - Stockalp,46.8303824,8.2546775,blue:white:blue_bar,2024-11-22 15:07:04
4177482,Stockalp - Höchdossen,46.8414402,8.2666483,red:white:red_bar,2024-11-22 15:07:04
4177483,Höch Dossen - Unter Büelen,46.8514492,8.2674046,red:white:red_bar,2024-11-22 15:07:04
4177484,Unter Büelen - Barfeld,46.8608238,8.2653904,red:white:red_bar,2024-11-22 15:07:04
4242887,Bort-,46.6480093,8.0514503,red:white:red_bar,2024-11-22 15:07:04
4256504,Kleine Scheidegg-Haaregg,46.5793197,7.9605819,red:white:red_bar,2024-11-22 15:07:04
4261144,Wengenralp,46.5757725,7.9407513,red:white:red_bar,2024-11-22 15:07:04
4274072,Chilchsteine - Laub,46.9715742,8.2483239,red:white:red_bar,2024-11-22 15:07:04
4274073,Laub - Fräkmünt,46.9677347,8.2399876,red:white:red_bar,2024-11-22 15:07:04
4274075,Fräkmünt - Langenmatt,46.9598716,8.2360962,red:white:red_bar,2024-11-22 15:07:04
4274076,Schwandi - Langemat,46.9537277,8.2346396,red:white:red_bar,2024-11-22 15:07:04
4449870,Ober Honegg - Gumm,46.9900368,8.2134101,red:white:red_bar,2024-11-22 15:07:04
4455834,Wilistatt - Sempach Station,47.111042,8.1859919,yellow::yellow_diamond,2024-11-22 15:07:04
4471576,Adletshusen - Hasel,47.2657355,8.7762924,yellow::yellow_diamond,2024-11-22 15:07:04
4514270,Im Riet - Uerikon,47.2370084,8.7457355,yellow::yellow_diamond,2024-11-22 15:07:04
4514470,Im Riet - Dorf,47.2383436,8.7367911,yellow::yellow_diamond,2024-11-22 15:07:04
4521652,Hellbühl - Zinggen,47.0642754,8.1944377,yellow::yellow_diamond,2024-11-22 15:07:04
4524926,Hangried - Burlingen,46.8675352,7.3544911,yellow::yellow_diamond,2024-11-22 15:07:04
4524942,Burlingen - Summerauhöchi,46.8617163,7.3428829,yellow::yellow_diamond,2024-11-22 15:07:04
4524952,Albligen - Sommerauhöchi,46.8548665,7.3250762,yellow::yellow_diamond,2024-11-22 15:07:04
4524953,Summerauhöchi,46.8575986,7.3320657,yellow::yellow_diamond,2024-11-22 15:07:04
4537272,Obereichi - Ried,46.8344597,7.3591526,yellow::yellow_diamond,2024-11-22 15:07:04
4550208,Agriswil - Ferenbalm/Sägerei,46.9519067,7.2026705,yellow::yellow_diamond,2024-11-22 15:07:04
4550209,Ferenbalm/Sägerei - Ferenbalm/Bibere,46.9487558,7.2087294,yellow::yellow_diamond,2024-11-22 15:07:04
4550212,Ferenbalm/Bibere - Ferenbalm Kirche,46.9482242,7.2105827,yellow::yellow_diamond,2024-11-22 15:07:04
4550250,Ferenbalm Kirche - Rizenbach,46.9457962,7.2197652,yellow::yellow_diamond,2024-11-22 15:07:04
4550264,Gümmenen - Spengelried,46.9349719,7.2531074,yellow::yellow_diamond,2024-11-22 15:07:04
4550305,Spengelried - Süri,46.9236827,7.2710733,yellow::yellow_diamond,2024-11-22 15:07:04
4550597,Murten/Station - Oberburg,46.9225033,7.1307857,yellow::yellow_diamond,2024-11-22 15:07:04
4588961,Bachmühle - Bumishus,46.8639557,7.444831,yellow::yellow_diamond,2024-11-22 15:07:04
4589013,Ei - Riggisberg,46.81403,7.4804958,yellow::yellow_diamond,2024-11-22 15:07:04
4589030,Riggisberg Schloss - Hohlenweg,46.8041907,7.4612828,yellow::yellow_diamond,2024-11-22 15:07:04
4589050,Feli - Rüschegg / Rütiplötsch,46.7928299,7.4173422,yellow::yellow_diamond,2024-11-22 15:07:04
4589055,Rüschegg / Rütiplötsch - Längeneiwald,46.7865626,7.4109735,yellow::yellow_diamond,2024-11-22 15:07:04
4589057,Längeneiwald - Längeneibad,46.7797633,7.4222151,yellow::yellow_diamond,2024-11-22 15:07:04
4589059,Längeneibad - Stigmoos,46.7736646,7.4303975,yellow::yellow_diamond,2024-11-22 15:07:04
4655700,Gspan - Siten,47.0296501,8.2008953,yellow::yellow_diamond,2024-11-22 15:07:04
4655701,Siten - Scharmis,47.0256556,8.1958632,yellow::yellow_diamond,2024-11-22 15:07:04
4655704,Chrüzhubel -Lehnhof,47.0286277,8.2145104,yellow::yellow_diamond,2024-11-22 15:07:04
4655705,Gspan - Lehnhof,47.030511,8.2134641,yellow::yellow_diamond,2024-11-22 15:07:04
4656042,St. Antoni - Winterlingen,46.8238511,7.2743166,yellow::yellow_diamond,2024-11-22 15:07:04
4657710,Reudlenbrücke - Schwandisteg,46.6139283,7.6763056,yellow::yellow_diamond,2024-11-22 15:07:04
4658567,Bühlen - Adelrain,46.5749253,7.6456383,yellow::yellow_diamond,2024-11-22 15:07:04
4658640,Zrydsbrügg - Küenzeli,46.5623103,7.6534985,yellow::yellow_diamond,2024-11-22 15:07:04
4658696,Inner Kandergrund - Blausee,46.5350299,7.6623466,yellow::yellow_diamond,2024-11-22 15:07:04
4674441,Burgäschi - Steinhof,47.1670219,7.6791143,yellow::yellow_diamond,2024-11-22 15:07:04
4674442,Steinhof - Bollodingen,47.1641223,7.6985816,yellow::yellow_diamond,2024-11-22 15:07:04
4674443,Steinhof - Nidermatten,47.1574217,7.6917158,yellow::yellow_diamond,2024-11-22 15:07:04
4674882,St. Anna - Hildisrieden,47.1429516,8.2284888,yellow::yellow_diamond,2024-11-22 15:07:04
4674883,Brämestall - St. Anna,47.1392539,8.2213829,yellow::yellow_diamond,2024-11-22 15:07:04
4675405,Habstanne - fixme,46.766107,7.4297837,yellow::yellow_diamond,2024-11-22 15:07:04
4677017,Amriswil - Arbon,47.5320127,9.3699796,yellow::yellow_diamond,2024-11-22 15:07:04
4709682,Nidermatten - Riedtwil Station,47.1460625,7.694254,yellow::yellow_diamond,2024-11-22 15:07:04
4712468,Walalpgrat - Möntschelespitz,46.7048517,7.511944,red:white:red_bar,2024-11-22 15:07:04
4712474,Hohmad - Schiterwang,46.7035764,7.489053,red:white:red_bar,2024-11-22 15:07:04
4712476,Leiterenpass - Obernünenen,46.7076254,7.4566172,red:white:red_bar,2024-11-22 15:07:04
4712480,Obernünenen - Nünenenberg,46.7165631,7.4509628,red:white:red_bar,2024-11-22 15:07:04
4729048,Neuchâtel Vauseyon - Peseux,46.9905599,6.8980513,yellow::yellow_diamond,2024-11-22 15:07:04
4743479,Natershus - Ufem Shoren,46.8978501,7.3278025,yellow::yellow_diamond,2024-11-22 15:07:04
4762206,Langholz - Langrüti,47.1669231,8.4424681,yellow::yellow_diamond,2024-11-22 15:07:04
4835763,Malsenberg - Harzerstrasse,47.2858809,7.5045918,yellow::yellow_diamond,2024-11-22 15:07:04
5140300,Habsburg - Scherz,47.4544374,8.1812429,yellow::yellow_diamond,2024-11-22 15:07:04
5141955,Steinbruch Lättestude - Scherz Weihermatt,47.4439264,8.182382,yellow::yellow_diamond,2024-11-22 15:07:04
5141956,Steinbruch Lättestude - Chärnenberg,47.4393422,8.1764487,yellow::yellow_diamond,2024-11-22 15:07:04
5142289,Chärnenberg - Schloss Wildegg,47.4267418,8.1773565,yellow::yellow_diamond,2024-11-22 15:07:04
5142936,Chärnenberg - Schloss Wildegg,47.4248137,8.1773565,yellow::yellow_diamond,2024-11-22 15:07:04
5143764,Schloss Brunegg - Lupfig Weihermatten,47.4296322,8.2030684,yellow::yellow_diamond,2024-11-22 15:07:04
5145497,Scherz - Weihermatt,47.4468534,8.1834152,yellow::yellow_diamond,2024-11-22 15:07:04
5145678,Habsburg (Bus) - Habsburg,47.4621886,8.1849984,yellow::yellow_diamond,2024-11-22 15:07:04
5149862,Beatenberg - Schmocken,46.6911185,7.7632728,yellow::yellow_diamond,2024-11-22 15:07:04
5149867,Schmocken - Waldbrand,46.6924549,7.7580032,yellow::yellow_diamond,2024-11-22 15:07:04
5149885,Habernlegi - Vorsass Türli,46.6997752,7.7613827,red:white:red_bar,2024-11-22 15:07:04
5150153,Golden Promenade - St. Niklausen,46.6908868,7.8452405,yellow::yellow_diamond,2024-11-22 15:07:04
5150171,Habedarre - Golden Promenade,46.6882113,7.8518856,yellow::yellow_diamond,2024-11-22 15:07:04
5150172,Interlaken - Habedarre,46.685745,7.8508987,yellow::yellow_diamond,2024-11-22 15:07:04
5181771,Brugg - Amphiteater - Windisch Gemeindehaus,47.4793193,8.2122873,yellow::yellow_diamond,2024-11-22 15:07:04
5181775,Lupfig - Pestalozziheim-Neudorf,47.4347224,8.2052696,yellow::yellow_diamond,2024-11-22 15:07:04
5181776,Lupfig Bahnhof - Lupfig Oberdorf,47.4414888,8.2069445,yellow::yellow_diamond,2024-11-22 15:07:04
5186588,Längern Hochwacht - Regensberg,47.4810933,8.4185785,yellow::yellow_diamond,2024-11-22 15:07:04
5189250,Längern Hochwacht - Lägernweid,47.4825506,8.3984121,yellow::yellow_diamond,2024-11-22 15:07:04
5189252,Regensberg - Lägernweid,47.483619,8.4161943,yellow::yellow_diamond,2024-11-22 15:07:04
5189445,Lägerenweid - Niederwenigen,47.4946327,8.3813666,yellow::yellow_diamond,2024-11-22 15:07:04
5192089,Baden - Anzflue,47.480057,8.2883843,yellow::yellow_diamond,2024-11-22 15:07:04
5192091,Birmenstorf - Petersberg - Baldegg,47.4658552,8.2625171,yellow::yellow_diamond,2024-11-22 15:07:04
5192096,Turgi - Gebenstorfer Horn,47.489627,8.2506677,yellow::yellow_diamond,2024-11-22 15:07:04
5192097,Unterwindisch - Turgi,47.4885694,8.2399702,yellow::yellow_diamond,2024-11-22 15:07:04
5192098,Windisch Gemeindehaus - Dägerli - Brücke Birmenstorf,47.4679801,8.2308072,yellow::yellow_diamond,2024-11-22 15:07:04
5223193,Lupfig Weihermatten - Ob Chalch,47.4339006,8.1874883,yellow::yellow_diamond,2024-11-22 15:07:04
5223195,Schinznach Bad - Stauwehr NOK,47.4507817,8.1658549,yellow::yellow_diamond,2024-11-22 15:07:04
5245466,Seeplatz - Beckenriedstrasse,46.9747344,8.4256558,yellow::yellow_diamond,2024-11-22 15:07:04
5245467,Buochs Schiffländi - Ennetbürgen Schiffländi,46.9814579,8.4212294,yellow::yellow_diamond,2024-11-22 15:07:04
5268170,Interlaken - Interlaken West,46.6834035,7.8519084,yellow::yellow_diamond,2024-11-22 15:07:04
5268203,Brauerei - Ruine Unspannen,46.6701405,7.8562133,yellow::yellow_diamond,2024-11-22 15:07:04
5268204,Hotel Unspannen - Brauerei,46.6719011,7.8555375,yellow::yellow_diamond,2024-11-22 15:07:04
5268205,Wagnerenschlucht - Hotel Unspannen,46.6738657,7.8549851,yellow::yellow_diamond,2024-11-22 15:07:04
5268206,Wagnerenschlucht - Interlaken,46.676361,7.8529742,yellow::yellow_diamond,2024-11-22 15:07:04
5268215,Mühlenenstrasse,46.66003,7.8589587,yellow::yellow_diamond,2024-11-22 15:07:04
5268216,Ruine Unspannen - Mühle,46.6645926,7.8579791,yellow::yellow_diamond,2024-11-22 15:07:04
5268260,Mühle - Kammeri,46.6596859,7.8576144,yellow::yellow_diamond,2024-11-22 15:07:04
5268291,Kammeri - Sytikehr,46.6585472,7.8547252,yellow::yellow_diamond,2024-11-22 15:07:04
5272436,Ried - Saxetwald,46.652457,7.8526087,yellow::yellow_diamond,2024-11-22 15:07:04
5272442,Saxetwald - Schwarzhore,46.6444159,7.8524936,red:white:red_bar,2024-11-22 15:07:04
5272443,Schwarzhore - Bällen,46.6349192,7.8491735,red:white:red_bar,2024-11-22 15:07:04
5272447,Bällefurgge - Bällenhöchst,46.6296702,7.8553815,red:white:red_bar,2024-11-22 15:07:04
5272448,Schwarzhore - Bällefurgge,46.6289255,7.8488826,red:white:red_bar,2024-11-22 15:07:04
5272536,Suls - Floschwald/Sausmatten,46.6090961,7.8704175,red:white:red_bar,2024-11-22 15:07:04
5272538,Floschwald/Sausmatten - Grütschalp,46.5998256,7.8805552,red:white:red_bar,2024-11-22 15:07:04
5272662,Alpweg - Lauterbrunnen,46.5976929,7.9039198,red:white:red_bar,2024-11-22 15:07:04
5274225,Hasli - Holzegg,47.025606,8.694577,yellow::yellow_diamond,2024-11-22 15:07:04
5274226,Stäglerenegg - Rotenflue,47.0231833,8.7045851,yellow::yellow_diamond,2024-11-22 15:07:04
5282023,Lätten - fixme,47.7016969,8.5621661,yellow::yellow_diamond,2024-11-22 15:07:04
5283994,Lätten - Löhningen Bus,47.7025993,8.5517427,yellow::yellow_diamond,2024-11-22 15:07:04
5283995,Lätten - Berghof,47.7061797,8.5510699,yellow::yellow_diamond,2024-11-22 15:07:04
5284262,Parkplatz - Burghalde,47.7171465,8.5318615,yellow::yellow_diamond,2024-11-22 15:07:04
5286112,Beringer Randenturm - fixme,47.705899,8.5837974,yellow::yellow_diamond,2024-11-22 15:07:04
5287528,Adelboden - Hörnli,46.5003328,7.5643755,yellow::yellow_diamond,2024-11-22 15:07:04
5326486,Zurzacherberg - Acheberg,47.5790638,8.273298,yellow::yellow_diamond,2024-11-22 15:07:04
5326487,Zurzacherberg - Hörndli,47.575127,8.2892697,yellow::yellow_diamond,2024-11-22 15:07:04
5326509,Schachen - Hörndli,47.5728377,8.3011325,yellow::yellow_diamond,2024-11-22 15:07:04
5326514,Zurzacherberg - Tegerfelden,47.5676749,8.2812655,yellow::yellow_diamond,2024-11-22 15:07:04
5328432,Uf der Nurren - Rekingen,47.5665546,8.3248209,yellow::yellow_diamond,2024-11-22 15:07:04
5330784,Mülibach - Mellikon Dorf,47.5592541,8.3529315,yellow::yellow_diamond,2024-11-22 15:07:04
5330828,Mellikon Dorf - Mellikon Bahnhof,47.5674562,8.352581,yellow::yellow_diamond,2024-11-22 15:07:04
5335134,Stock - Rophaien,46.9313557,8.6465083,red:white:red_bar,2024-11-22 15:07:04
5335135,Rophaien - Firitiggrätli,46.9271514,8.6565228,blue:white:blue_bar,2024-11-22 15:07:04
5335136,Firitggrätli - Rotenbalm,46.9280718,8.6694336,blue:white:blue_bar,2024-11-22 15:07:04
5364863,Alter Windeggweg,46.7113691,8.3273086,red:white:red_bar,2024-11-22 15:07:04
5364864,Familienweg,46.6949082,8.3517812,red:white:red_bar,2024-11-22 15:07:04
5364865,Furen - Underi Trift,46.7139719,8.3310819,red:white:red_bar,2024-11-22 15:07:04
5364868,Schwendi - Underi Trift,46.7139719,8.3270823,red:white:red_bar,2024-11-22 15:07:04
5364869,Triftbrücke - Trifthütte,46.6861834,8.3664313,blue:white:blue_bar,2024-11-22 15:07:04
5364870,Underi Trift - Triftbrücke,46.6992098,8.3452446,red:white:red_bar,2024-11-22 15:07:04
5364871,Underi Trift - Windegghütte,46.6995346,8.3410496,red:white:red_bar,2024-11-22 15:07:04
5365965,Frümsen-Salez,47.2542548,9.4665238,red:white:red_bar,2024-11-22 15:07:04
5365966,Plattenbödeli - Kastensattel,47.2823457,9.4810083,red:white:red_bar,2024-11-22 15:07:04
5365968,Rainhütte - Bollenwees,47.2593745,9.4407135,red:white:red_bar,2024-11-22 15:07:04
5365971,Sämtisersee - Staubern,47.2650669,9.455491,red:white:red_bar,2024-11-22 15:07:04
5375170,Fräkmünt - Schybach,46.9614711,8.2245787,red:white:red_bar,2024-11-22 15:07:04
5375171,Märenschlag - Schybach,46.9584807,8.2085658,yellow::yellow_diamond,2024-11-22 15:07:04
5376007,Messen Junkholz - Messen Post,47.0841672,7.4417034,yellow::yellow_diamond,2024-11-22 15:07:04
5382107,Soubey - Teureux,47.3077429,7.0481828,yellow::yellow_diamond,2024-11-22 15:07:04
5382138,Tariche - Les Errauts,47.3327107,7.1385818,yellow::yellow_diamond,2024-11-22 15:07:04
5382139,Tariche - Pont de Ravines,47.3436202,7.1564869,yellow::yellow_diamond,2024-11-22 15:07:04
5389531,Gettnau - Punkt 568,47.1436999,7.9759266,yellow::yellow_diamond,2024-11-22 15:07:04
5426496,Mayens-de-Sion ouest - Planchouet,46.1755979,7.3434285,yellow::yellow_diamond,2024-11-22 15:07:04
5429170,Planchouet - fixme,46.1554701,7.318278,yellow::yellow_diamond,2024-11-22 15:07:04
5429171,Planchouet - Le Bleusy,46.1617785,7.3150953,yellow::yellow_diamond,2024-11-22 15:07:04
5429201,Planchouet - Planchouet,46.1515499,7.3177695,yellow::yellow_diamond,2024-11-22 15:07:04
5429232,Le Bleusy - Haute-Nendaz,46.1767016,7.3043097,yellow::yellow_diamond,2024-11-22 15:07:04
5430521,Balavaux - Balavaux,46.1553445,7.2789063,yellow::yellow_diamond,2024-11-22 15:07:04
5445888,Le Pont Gare - Les Epinettes,46.6671816,6.3245829,yellow::yellow_diamond,2024-11-22 15:07:04
5460254,Chessimättili - Stäldili,46.8719913,8.0522637,red:white:red_bar,2024-11-22 15:07:04
5480101,Caischavedra - Lag Serein,46.7118777,8.8123193,red:white:red_bar,2024-11-22 15:07:04
5480144,Disla-Punt Russein,46.7150889,8.8821622,yellow::yellow_diamond,2024-11-22 15:07:04
5502241,Chilchsteine - Mattalp,46.9730795,8.2564041,red:white:red_bar,2024-11-22 15:07:04
5502242,Mattalp - Obersteigli - Tellenfad,46.9746637,8.2677667,red:white:red_bar,2024-11-22 15:07:04
5502243,Tellenfad - Chrummhorn,46.9765606,8.2784459,red:white:red_bar,2024-11-22 15:07:04
5502245,Lopperberg - Acheregg,46.9774619,8.3296728,red:white:red_bar,2024-11-22 15:07:04
5503230,Buufal - Vorder Richisalp,46.6595825,7.3886725,red:white:red_bar,2024-11-22 15:07:04
5555440,Friedlisberg - Hafnerberg,47.3595512,8.4045042,yellow::yellow_diamond,2024-11-22 15:07:04
5555441,Lieli Dorf - Ober Berikon,47.3456644,8.3876092,yellow::yellow_diamond,2024-11-22 15:07:04
5555445,Rudolfstetten - Friedlisberg,47.3666298,8.3854578,yellow::yellow_diamond,2024-11-22 15:07:04
5574634,Eiken - Schupfart,47.5231733,7.9775081,yellow::yellow_diamond,2024-11-22 15:07:04
5574841,Tafers - St. Antoni,46.8150809,7.2392367,yellow::yellow_diamond,2024-11-22 15:07:04
5576752,St. Antoni - Meinzishaus,46.8268626,7.2593736,yellow::yellow_diamond,2024-11-22 15:07:04
5576777,St. Antoni - Niedermuhren,46.8309446,7.2662958,yellow::yellow_diamond,2024-11-22 15:07:04
5594809,Baden - Spittelau,47.4641429,8.3003147,yellow::yellow_diamond,2024-11-22 15:07:04
5594810,Baden - Täferen,47.4629258,8.2987493,yellow::yellow_diamond,2024-11-22 15:07:04
5594812,Fislisbach - Spittelau,47.444242,8.2981058,yellow::yellow_diamond,2024-11-22 15:07:04
5594813,Fislisbach - Täferen,47.4426626,8.2981058,yellow::yellow_diamond,2024-11-22 15:07:04
5594817,Rüsler - Hinterhau,47.4295884,8.3257696,yellow::yellow_diamond,2024-11-22 15:07:04
5594818,Rüsler - Hinterhau,47.4296818,8.3258307,yellow::yellow_diamond,2024-11-22 15:07:04
5594819,Spittelau - Rüsler,47.4457218,8.307536,yellow::yellow_diamond,2024-11-22 15:07:04
5594820,Täfern - Spittelau,47.4511475,8.2953877,yellow::yellow_diamond,2024-11-22 15:07:04
5594821,Wettingen - Rüsler,47.4490312,8.3164591,yellow::yellow_diamond,2024-11-22 15:07:04
5601418,Fruttli -Rotenflue Allmig,47.0338076,8.5066423,red:white:red_bar,2024-11-22 15:07:04
5620568,Hinderarni - Farnli,47.0155179,7.8732207,yellow::yellow_diamond,2024-11-22 15:07:04
5620573,Hinderarni - Vorder Arni,47.0254212,7.8477246,yellow::yellow_diamond,2024-11-22 15:07:04
5628799,Staufen - Schafisheim,47.3915429,7.9334993,yellow::yellow_diamond,2024-11-22 15:07:04
5628800,Froburg - Mahrenacker,47.3793747,7.8972462,yellow::yellow_diamond,2024-11-22 15:07:04
5628802,Mahrenacker - Schloss Wartenfels,47.382789,7.9173786,yellow::yellow_diamond,2024-11-22 15:07:04
5628807,Rankwog - Mahrenacker,47.3732474,7.9120953,yellow::yellow_diamond,2024-11-22 15:07:04
5628808,Ruine Froburg - Bantli,47.3777125,7.8924797,yellow::yellow_diamond,2024-11-22 15:07:04
5628810,Winznau - Balmis,47.3702176,7.9318625,yellow::yellow_diamond,2024-11-22 15:07:04
5628811,Winznau - Obergösgen,47.3623574,7.9417847,yellow::yellow_diamond,2024-11-22 15:07:04
5628812,Winznau - Winznau Stauwehr,47.363349,7.9280297,yellow::yellow_diamond,2024-11-22 15:07:04
5644809,Im Spitz - Büelmatt,47.0735805,8.2400999,yellow::yellow_diamond,2024-11-22 15:07:04
5644820,Erlen - Bühl,47.0715869,8.2479174,yellow::yellow_diamond,2024-11-22 15:07:04
5644967,Sentiero Collina Alta,46.1813293,8.8121894,red:white:red_bar,2024-11-22 15:07:04
5646244,Hägendorf - Born,47.3235485,7.8664219,yellow::yellow_diamond,2024-11-22 15:07:04
5646245,Obergösgen - Niedergösgen,47.367274,7.9744395,yellow::yellow_diamond,2024-11-22 15:07:04
5646246,Rickenbach - Allerheiligenberg,47.3456542,7.8372218,yellow::yellow_diamond,2024-11-22 15:07:04
5646249,Trimbach - Mahrenacker,47.3695029,7.9002774,yellow::yellow_diamond,2024-11-22 15:07:04
5669538,Büelmatt - Schluche,47.0781709,8.2553807,yellow::yellow_diamond,2024-11-22 15:07:04
5669624,Erlen - Emmenweid,47.0700786,8.2623964,yellow::yellow_diamond,2024-11-22 15:07:04
5669678,Gantersei - Unterlauelen,46.9932465,8.2261596,yellow::yellow_diamond,2024-11-22 15:07:04
5723639,Hintere Wuehre - Untergrunholz,47.6526836,8.0721915,yellow:white:yellow_diamond,2024-11-22 15:07:04
5723641,Sägmoos - Wühreabgang,47.6531138,8.0654254,yellow:white:yellow_diamond,2024-11-22 15:07:04
5723716,Äussere Röte - Görwihl Hauptstraße,47.6447361,8.0794403,yellow:white:yellow_diamond,2024-11-22 15:07:04
5724421,Albhalde - Beim Albsteg,47.6418116,8.0928286,yellow:white:yellow_diamond,2024-11-22 15:07:04
5724422,Beim Albsteg - Hornstollen,47.6452022,8.088705,yellow:white:yellow_diamond,2024-11-22 15:07:04
5724676,Bertschwend - Hornstollen,47.6483819,8.0846155,yellow:white:yellow_diamond,2024-11-22 15:07:04
5724677,Hornstollen - Rappenfelsen,47.6538779,8.0926201,yellow:white:yellow_diamond,2024-11-22 15:07:04
5724691,Erbsrütte - Lochmatt,47.6609956,8.104382,yellow:white:yellow_diamond,2024-11-22 15:07:04
5724692,Alte Äcker - Erbsrütte,47.6611774,8.1018362,yellow:white:yellow_diamond,2024-11-22 15:07:04
5724693,Erbsrütte - Rappenfelsen,47.6591711,8.099452,yellow:white:yellow_diamond,2024-11-22 15:07:04
5724750,Die Rosen - Willfingen,47.6671555,8.1035389,yellow:white:yellow_diamond,2024-11-22 15:07:04
5724753,Alte Äcker - Handacker,47.6657144,8.1015878,yellow:white:yellow_diamond,2024-11-22 15:07:04
5725065,Hinderfeld - Gossenrain - Buehuse,47.1147659,8.2398844,yellow::yellow_diamond,2024-11-22 15:07:04
5727680,Rengg - Feldmoos,46.9963128,8.0909582,yellow::yellow_diamond,2024-11-22 15:07:04
5742564,Zimmeregg - Reusbühl Alte Fähre,47.060434,8.2801851,yellow::yellow_diamond,2024-11-22 15:07:04
5792996,Brücke Stilli - Stilli,47.5145685,8.2332601,yellow::yellow_diamond,2024-11-22 15:07:04
5806401,Rothenburg Station - Ober Wahligen,47.0973982,8.2425458,yellow::yellow_diamond,2024-11-22 15:07:04
5806839,Homberglücke - General Wille Haus,47.3633487,7.8418458,yellow::yellow_diamond,2024-11-22 15:07:04
5806840,Rumpelhöchi - Homberglücke,47.3585263,7.8583289,yellow::yellow_diamond,2024-11-22 15:07:04
5806870,Wuestweg - Gwidemhöchi,47.3577817,7.8123764,yellow::yellow_diamond,2024-11-22 15:07:04
5807122,Fasiswald - Schlössli,47.3551719,7.8264553,yellow::yellow_diamond,2024-11-22 15:07:04
5807152,Schlössli - Rumpelhöchi,47.3551283,7.84787,yellow::yellow_diamond,2024-11-22 15:07:04
5807155,Steckenberg - Homberglücke,47.3538358,7.848096,yellow::yellow_diamond,2024-11-22 15:07:04
5809396,Ruswil - Sonnhalden,47.0794763,8.1405753,yellow::yellow_diamond,2024-11-22 15:07:04
5809403,Sonnhalden - Hueb,47.0729814,8.1646446,yellow::yellow_diamond,2024-11-22 15:07:04
5809426,Hueb - Hellbühl,47.0717137,8.1852263,yellow::yellow_diamond,2024-11-22 15:07:04
5832896,"Teuringertal Bahnweg (""Wandern in Friedrichshafen"")",47.6797289,9.467004,yellow:white:yellow_diamond:TB:black,2024-11-22 15:07:04
5936783,Caslano - Monte Caslano,45.9656108,8.8792138,yellow::yellow_diamond,2024-11-22 15:07:04
6047562,Rosenboden - Meienstoss,46.999488,8.2118278,red:white:red_bar,2024-11-22 15:07:04
6052092,Unter Wolfisbüel - Emmenweid,47.0688721,8.2593334,yellow::yellow_diamond,2024-11-22 15:07:04
6087171,Humbel - Chlusweid,47.3718949,7.7685524,yellow::yellow_diamond,2024-11-22 15:07:04
6087172,Chlusweid - Schöntal,47.3645858,7.7691809,yellow::yellow_diamond,2024-11-22 15:07:04
6087235,Bözingen/Taubenloch -,47.1548218,7.2654312,yellow::yellow_diamond,2024-11-22 15:07:04
6087842,Frinvillier/Taubenloch - fixme,47.1673666,7.2562174,yellow::yellow_diamond,2024-11-22 15:07:04
6102749,Guggibad - Oberschongau,47.2740363,8.2867989,yellow::yellow_diamond,2024-11-22 15:07:04
6167313,Kühlewil/Gütsch - Kreuzbühl,46.8919706,7.4530252,yellow::yellow_diamond,2024-11-22 15:07:04
6181817,Schluche - ?,46.8716036,7.4165345,yellow::yellow_diamond,2024-11-22 15:07:04
6183891,Allenlüften - Obere Ledi,46.9471284,7.2796567,yellow::yellow_diamond,2024-11-22 15:07:04
6183894,Lediflue - Juchlishus,46.9410764,7.28901,yellow::yellow_diamond,2024-11-22 15:07:04
6192902,Eschenbach - Höndle - Waldibrugg,47.1198033,8.3230249,yellow::yellow_diamond,2024-11-22 15:07:04
6192903,Eschenbach - Rain,47.1257595,8.2906253,yellow::yellow_diamond,2024-11-22 15:07:04
6192904,Eschenbach - Waldibrugg,47.119837,8.3161555,yellow::yellow_diamond,2024-11-22 15:07:04
6192905,Sädelbrücke - Rathausen,47.0759221,8.3024284,yellow::yellow_diamond,2024-11-22 15:07:04
6192906,Unterebersol - Ballwil,47.1618665,8.3133644,yellow::yellow_diamond,2024-11-22 15:07:04
6192907,Waldibrugg - Rathausen,47.0956086,8.3186311,yellow::yellow_diamond,2024-11-22 15:07:04
6194637,Rothenburg - Emmen,47.0877473,8.2875961,yellow::yellow_diamond,2024-11-22 15:07:04
6196249,Ottenhusen - Inwil,47.1433948,8.3436142,yellow::yellow_diamond,2024-11-22 15:07:04
6196467,Inwil - Burg,47.1193524,8.3536785,yellow::yellow_diamond,2024-11-22 15:07:04
6197679,Altegbrücke - Waltwil,47.0995194,8.3330291,yellow::yellow_diamond,2024-11-22 15:07:04
6197680,Obmoos - Hirselen,47.1144835,8.275085,yellow::yellow_diamond,2024-11-22 15:07:04
6197683,Waldibrugg - Schachen,47.1117733,8.3316703,yellow::yellow_diamond,2024-11-22 15:07:04
6197684,Waltwil - Schache,47.1060059,8.3335382,yellow::yellow_diamond,2024-11-22 15:07:04
6209720,Klus - Alt Falkenstein,47.3073095,7.6903873,yellow::yellow_diamond,2024-11-22 15:07:04
6209721,Roggenweid - Roggenflue,47.3060899,7.7210933,yellow::yellow_diamond,2024-11-22 15:07:04
6226734,Rootsee West - Sädel,47.0651552,8.2972931,yellow::yellow_diamond,2024-11-22 15:07:04
6257517,Unter Farneren - Finishütte,46.9259786,8.043456,yellow::yellow_diamond,2024-11-22 15:07:04
6361841,Stiegenlos - Oberdorf Talstation Gondelbahn,47.2392037,7.5025115,yellow::yellow_diamond,2024-11-22 15:07:04
6397715,Emmenbrücke Gersag - Neu Adlige,47.0840465,8.282576,yellow::yellow_diamond,2024-11-22 15:07:04
6425398,Marangun - Lai Blau,46.8109328,10.156471,red:white:red_bar,2024-11-22 15:07:04
6429888,Firnhütte - Bannalpsee,46.8721674,8.4219096,red:white:red_bar,2024-11-22 15:07:04
6431171,Stafel - Oberalp - 1805,46.974002,8.1976539,red:white:red_bar,2024-11-22 15:07:04
6431172,Stafel - Trochenmattsattel - Stäfeli,46.9751341,8.1825593,yellow::yellow_diamond,2024-11-22 15:07:04
6434332,Lenk - Hohliebi,46.4566762,7.4385476,yellow::yellow_diamond,2024-11-22 15:07:04
6434396,Hohliebi - Obere Wyssestei,46.4542481,7.4316769,red:white:red_bar,2024-11-22 15:07:04
6434935,Stoss - Betelberg / Leiterli,46.4339509,7.4188404,red:white:red_bar,2024-11-22 15:07:04
6434942,Betelberg / Leiterli - Haslerberg,46.4302676,7.4090627,red:white:red_bar,2024-11-22 15:07:04
6436931,Lenk - Lenk,46.4570581,7.4420468,yellow::yellow_diamond,2024-11-22 15:07:04
6436933,Lenk / Bahnhof - Lenk,46.4574936,7.443371,yellow::yellow_diamond,2024-11-22 15:07:04
6436975,Betelbergbahn - Hohliebi,46.4547373,7.43635,yellow::yellow_diamond,2024-11-22 15:07:04
6437032,Betelbergbahn - Obere Wyssestei,46.4535784,7.4323938,red:white:red_bar,2024-11-22 15:07:04
6439554,Brengge - Hahnenmoospass,46.4531411,7.4885637,yellow::yellow_diamond,2024-11-22 15:07:04
6441657,Äusserer Seitenbach - Graben,46.464214,7.4470959,yellow::yellow_diamond,2024-11-22 15:07:04
6441666,Graben - Schwand,46.4660104,7.4530515,yellow::yellow_diamond,2024-11-22 15:07:04
6441711,Schatthorn - Gibel,46.4862256,7.4525496,red:white:red_bar,2024-11-22 15:07:04
6441715,Gibel - Gütsch,46.4814333,7.4453232,yellow::yellow_diamond,2024-11-22 15:07:04
6446725,Lenk - Innere Brand,46.4544749,7.449606,yellow::yellow_diamond,2024-11-22 15:07:04
6446754,Metsch - Brandegg,46.4502551,7.4672133,yellow::yellow_diamond,2024-11-22 15:07:04
6463759,Galtigen - Chrummhorn,46.9736137,8.2746968,red:white:red_bar,2024-11-22 15:07:04
6475195,Seehof - Rotsee Ost,47.075842,8.3212628,yellow::yellow_diamond,2024-11-22 15:07:04
6475196,St. Karli - Friedental,47.0574246,8.2914147,yellow::yellow_diamond,2024-11-22 15:07:04
6475197,Sädel - Seehof,47.0696901,8.3057645,yellow::yellow_diamond,2024-11-22 15:07:04
6475199,Sädelbrücke - St.Karli,47.0620958,8.2897751,yellow::yellow_diamond,2024-11-22 15:07:04
6482727,Rundgang /circular trail,46.9294569,8.3403892,red:white:red_bar,2024-11-22 15:07:04
6482731,Ächerli - Wirzweli,46.910151,8.3543726,red:white:red_bar,2024-11-22 15:07:04
6490361,Franzosenweier - Rüteren,47.4025931,8.3790091,yellow::yellow_diamond,2024-11-22 15:07:04
6490362,Baltenschwil - Hasenberg,47.3847607,8.3789784,yellow::yellow_diamond,2024-11-22 15:07:04
6490365,Spreitenbach - Franzosenweier,47.4124908,8.3688797,yellow::yellow_diamond,2024-11-22 15:07:04
6490366,Spreitenbach - Killwangen,47.4260228,8.3587091,yellow::yellow_diamond,2024-11-22 15:07:04
6497358,Werthenstein - Chächebüel,47.0500041,8.1038275,yellow::yellow_diamond,2024-11-22 15:07:04
6497359,Chächebüel - Dünnhirs,47.0420764,8.1091808,yellow::yellow_diamond,2024-11-22 15:07:04
6497373,Dünnhirs - Chlosterwald,47.0337837,8.1082873,yellow::yellow_diamond,2024-11-22 15:07:04
6520158,Schuders-Bushalt Salginatobelbrücke,46.9864446,9.7270474,yellow::yellow_diamond,2024-11-22 15:07:04
6546869,Lutertannen-Windenpass,47.2313532,9.273389,yellow::yellow_diamond,2024-11-22 15:07:04
6552255,Blattendürren-Kronberg,47.2896233,9.3098334,yellow::yellow_diamond,2024-11-22 15:07:04
6553563,Chandossel - Clavaleyer,46.8934563,7.0918772,yellow::yellow_diamond,2024-11-22 15:07:04
6567833,Ennethorw - Rank,47.0119628,8.3080276,yellow::yellow_diamond,2024-11-22 15:07:04
6567834,Winkel - Horw Bahnhof,47.0147768,8.3119606,yellow::yellow_diamond,2024-11-22 15:07:04
6567835,Horw Bahnhof West - Oberkuonimatt,47.0189543,8.3034744,yellow::yellow_diamond,2024-11-22 15:07:04
6573075,Oberaletschhütten - Oberaletschgletscher,46.4263026,7.9728274,blue:white:blue_bar,2024-11-22 15:07:04
6573076,"Punkt 2228 - Driest, Gletscherrand",46.4073305,8.013936,blue:white:blue_bar,2024-11-22 15:07:04
6573077,Punkt 2586 - Fusshornbiwak,46.4153395,8.0056575,blue:white:blue_bar,2024-11-22 15:07:04
6573078,Z'Leng Fäsch - Fusshornbiwak,46.4125254,8.0059475,blue:white:blue_bar,2024-11-22 15:07:04
6573079,Hotel Belalp - Oberaletschhütten,46.4027607,7.9899575,red:white:red_bar,2024-11-22 15:07:04
6577809,Baden - Ennetbaden,47.4777541,8.3130875,yellow::yellow_diamond,2024-11-22 15:07:04
6577810,Hertenstein - Freienwil,47.4958164,8.3196204,yellow::yellow_diamond,2024-11-22 15:07:04
6577811,Althau - Lengnau,47.5310888,8.3353495,yellow::yellow_diamond,2024-11-22 15:07:04
6577812,Lengnau - Freienwil,47.5120428,8.3300343,yellow::yellow_diamond,2024-11-22 15:07:04
6577813,Mühlibach - Althau,47.5468278,8.3450465,yellow::yellow_diamond,2024-11-22 15:07:04
6577814,Ober Baldingen - Althau,47.5479258,8.3224106,yellow::yellow_diamond,2024-11-22 15:07:04
6577815,Ober Baldingen - Schachen,47.561603,8.3077412,yellow::yellow_diamond,2024-11-22 15:07:04
6577816,Schneisingen - Althau,47.5308407,8.3467448,yellow::yellow_diamond,2024-11-22 15:07:04
6577817,Schneisingen - Mühlibach,47.5359568,8.357641,yellow::yellow_diamond,2024-11-22 15:07:04
6577818,Schneisingen - Niederwenningen,47.5157079,8.3654585,yellow::yellow_diamond,2024-11-22 15:07:04
6577819,Unterendingen - Endingen,47.542069,8.2889216,yellow::yellow_diamond,2024-11-22 15:07:04
6577820,Unterendingen - Tegerfelden,47.5539139,8.288279,yellow::yellow_diamond,2024-11-22 15:07:04
6577894,Vogelsang - Althau,47.5406112,8.3268665,yellow::yellow_diamond,2024-11-22 15:07:04
6578866,ob. Graus - Mülibüel,47.037944,7.9487709,yellow::yellow_diamond,2024-11-22 15:07:04
6579393,Mittlist Hütten - Rickmettlen,46.9565631,8.1550653,red:white:red_bar,2024-11-22 15:07:04
6579973,Mülitobel-Sihl-Weg,47.1813039,8.6505171,yellow::yellow_diamond,2024-11-22 15:07:04
6579974,Shilsprung-Finsterseehalden,47.1862608,8.625634,yellow::yellow_diamond,2024-11-22 15:07:04
6579999,Spitzen-Sihlsprung,47.2052793,8.6074579,yellow::yellow_diamond,2024-11-22 15:07:04
6586627,Kriens Dorfplatz - Schlund,47.0280793,8.2867901,yellow::yellow_diamond,2024-11-22 15:07:04
6586712,Güniken - Ober Illau,47.2002275,8.319971,yellow::yellow_diamond,2024-11-22 15:07:04
6608013,Urswil - Ballwil,47.1543778,8.3072805,yellow::yellow_diamond,2024-11-22 15:07:04
6611803,Gnipen (West) - Felssturzweg,47.0745615,8.5590762,red:white:red_bar,2024-11-22 15:07:04
6611834,Härzigwald - unbekannter Wegweiser,47.067647,8.5480278,yellow::yellow_diamond,2024-11-22 15:07:04
6614199,Bramboden - Hängelenflue,46.9800779,7.9686556,yellow::yellow_diamond,2024-11-22 15:07:04
6624306,Dürrutili - fixme,46.8478753,7.9929043,red:white:red_bar,2024-11-22 15:07:04
6624309,Unter Gummen - Dürrutili,46.8500272,7.9979129,red:white:red_bar,2024-11-22 15:07:04
6624310,Unter Gummen - fixme,46.8548936,7.9953613,red:white:red_bar,2024-11-22 15:07:04
6624311,Unter Gummen - fixme,46.8575141,8.0017825,red:white:red_bar,2024-11-22 15:07:04
6624366,Bodenhütten - Hengst,46.8387704,7.9744269,red:white:red_bar,2024-11-22 15:07:04
6626108,Pt. 2052 - Schlund,46.8287292,7.9688755,red:white:red_bar,2024-11-22 15:07:04
6627765,Pt. 2032 - Türstenhäuptli,46.8210938,7.9508193,red:white:red_bar,2024-11-22 15:07:04
6627769,Imbrig - Pt. 2052,46.8289185,7.9483622,red:white:red_bar,2024-11-22 15:07:04
6627779,Türstenhäuptli - Chlus,46.8170153,7.953662,red:white:red_bar,2024-11-22 15:07:04
6627851,Schibengütsch - fixme,46.8145957,7.9515233,red:white:red_bar,2024-11-22 15:07:04
6627852,Türstenhäuptli - Schibengütsch,46.816223,7.948741,red:white:red_bar,2024-11-22 15:07:04
6627890,Schlund - Wagliseiboden,46.8205468,7.9864618,red:white:red_bar,2024-11-22 15:07:04
6645044,Reichenau Bahnhof - Waldparkplatz Dachsberg,47.6956099,9.1196356,yellow:white:yellow_diamond,2024-11-22 15:07:04
6645086,Nonnenwiese - Bei Adelheiden,47.7110742,9.1192309,yellow:white:yellow_diamond,2024-11-22 15:07:04
6645165,Hegne - Bei Adelheiden,47.7133479,9.1107448,yellow:white:yellow_diamond,2024-11-22 15:07:04
6645166,Bei Adelheiden - Dettingen Pappelweg,47.7234975,9.1197747,yellow:white:yellow_diamond,2024-11-22 15:07:04
6645668,Dettingen Pappelweg - Dettingen Ortsmitte,47.7332996,9.1176096,yellow:white:yellow_diamond,2024-11-22 15:07:04
6646029,Waldparkplatz Eulenbach - Wallhausen Wittmoosstraße,47.7461123,9.1268629,yellow:white:yellow_diamond,2024-11-22 15:07:04
6648603,Leidenberg - Höhi,47.1505387,8.0806634,yellow::yellow_diamond,2024-11-22 15:07:04
6648606,St. Erhard Station - Mauensee,47.1752417,8.0755006,yellow::yellow_diamond,2024-11-22 15:07:04
6648607,Unter Leidenberg - Leidenberg,47.1568129,8.0827295,yellow::yellow_diamond,2024-11-22 15:07:04
6650582,Oberchamm - Chrützegg,47.2963624,9.0074161,yellow::yellow_diamond,2024-11-22 15:07:04
6651095,Weggis - Weggis,47.0320256,8.4342833,yellow::yellow_diamond,2024-11-22 15:07:04
6651101,Weggis - Zopf,47.0336014,8.4264509,yellow::yellow_diamond,2024-11-22 15:07:04
6652287,Ostergau - Wüschiswil,47.1093504,8.0297463,yellow::yellow_diamond,2024-11-22 15:07:04
6652768,Tannenberg - Tannenberg,47.0424325,8.4391361,red:white:red_bar,2024-11-22 15:07:04
6658582,Geiss - Hetzligen,47.1003523,8.0609869,yellow::yellow_diamond,2024-11-22 15:07:04
6769148,Hinterwil - Giger,47.2647497,7.9971754,yellow::yellow_diamond,2024-11-22 15:07:04
6775015,Bottenwil - Rottannhubel,47.2828281,7.9943697,yellow::yellow_diamond,2024-11-22 15:07:04
6775849,Stutz - Seeblick,47.0289719,8.3308721,yellow::yellow_diamond,2024-11-22 15:07:04
6783599,Luthensak - Gigi,46.9032466,8.4200264,red:white:red_bar,2024-11-22 15:07:04
6783662,Dorni - Birholz,47.0090795,8.3293458,yellow::yellow_diamond,2024-11-22 15:07:04
6783664,Birrholz - Winkel,47.009849,8.3235485,yellow::yellow_diamond,2024-11-22 15:07:04
6817978,Birholz - Spissenegg,47.0047995,8.3294781,yellow::yellow_diamond,2024-11-22 15:07:04
6817979,Seeben - Kastanienbaum,47.0125249,8.3297447,yellow::yellow_diamond,2024-11-22 15:07:04
6818002,Horw Post - Horw Bahnhof,47.0181286,8.3096805,yellow::yellow_diamond,2024-11-22 15:07:04
6829334,Matzingen - Frauenfeld,47.5365914,8.9179714,yellow::yellow_diamond,2024-11-22 15:07:04
6839105,Hohenegg - Sunnenhof,47.3484449,8.8840429,yellow::yellow_diamond,2024-11-22 15:07:04
6841912,Bachweiden-fixme,46.5045541,7.4307928,yellow::yellow_diamond,2024-11-22 15:07:04
6853407,Grämlis - Horw Post,47.0193511,8.3168365,yellow::yellow_diamond,2024-11-22 15:07:04
6870535,Kriens Dorfplatz - Kriens Kriensereggbahn,47.0320924,8.2782013,yellow::yellow_diamond,2024-11-22 15:07:04
6870536,Kriens Kriensereggbahn - Schloss Schauensee,47.0288437,8.2790774,yellow::yellow_diamond,2024-11-22 15:07:04
6870537,Schloss Schauensee - Buholz,47.0234734,8.2792088,yellow::yellow_diamond,2024-11-22 15:07:04
6871295,Buholz - Himmelrich,47.0192585,8.2803403,yellow::yellow_diamond,2024-11-22 15:07:04
6871296,Himmelrich - Bruderhuse,47.0150447,8.2806826,yellow::yellow_diamond,2024-11-22 15:07:04
6897492,Sonnenberg - Chrüzhöchi,47.0434704,8.2685764,yellow::yellow_diamond,2024-11-22 15:07:04
6897495,Obernau - Heckenrain,47.0307881,8.2571012,yellow::yellow_diamond,2024-11-22 15:07:04
6960792,Gütschwald,47.0488663,8.2858401,yellow::yellow_diamond,2024-11-22 15:07:04
6960793,Gütschwald - Gütsch,47.0506477,8.2898512,yellow::yellow_diamond,2024-11-22 15:07:04
6995058,Hasle - Schüpfheim,46.9655614,8.0307418,yellow::yellow_diamond,2024-11-22 15:07:04
7124811,Bickwil - Ober Lunnern,47.2654458,8.4199364,yellow::yellow_diamond,2024-11-22 15:07:04
7124812,Bickwil - Wolsen,47.2646557,8.4255862,yellow::yellow_diamond,2024-11-22 15:07:04
7124813,Ober Lunnern - Wolsen,47.2607379,8.4227564,yellow::yellow_diamond,2024-11-22 15:07:04
7124814,Ottenbach - Ober Lunnern,47.2714669,8.4115573,yellow::yellow_diamond,2024-11-22 15:07:04
7129042,Lochbrunne - Äbnet,47.2430181,8.000594,yellow::yellow_diamond,2024-11-22 15:07:04
7129043,Reiden - Lochbrunne,47.2429299,7.9812885,yellow::yellow_diamond,2024-11-22 15:07:04
7129044,Uffikon- Dagmersellen,47.2152942,8.0046095,yellow::yellow_diamond,2024-11-22 15:07:04
7129046,Uffikon - Lätten,47.2199554,8.0247374,yellow::yellow_diamond,2024-11-22 15:07:04
7144746,Burgmatt - Löchli,47.0329198,8.0488525,yellow::yellow_diamond,2024-11-22 15:07:04
7145079,Ziegelhütte-Ebersol,47.3560892,9.1728667,yellow::yellow_diamond,2024-11-22 15:07:04
7145080,Degersheim-Ziegelhütte,47.3679653,9.1924271,yellow::yellow_diamond,2024-11-22 15:07:04
7147151,Alpweid - Sörenberg,46.8239145,8.0380802,yellow::yellow_diamond,2024-11-22 15:07:04
7149656,Niederschongau - Honeriweid,47.2730097,8.2506156,yellow::yellow_diamond,2024-11-22 15:07:04
7167191,Baltschieder-fixme,46.3222679,7.8791611,red:white:red_bar,2024-11-22 15:07:04
7206646,Schlierbach - Büron,47.2187543,8.1059943,yellow::yellow_diamond,2024-11-22 15:07:04
7225245,Flüh-Mariastein,47.4826843,7.4948889,yellow::yellow_diamond,2024-11-22 15:07:04
7236491,St. Albans-Bahnhof SBB,47.5514667,7.5970148,yellow::yellow_diamond,2024-11-22 15:07:04
7244570,Luthern - Birbaum,47.0491251,7.9071023,yellow::yellow_diamond,2024-11-22 15:07:04
7244571,Birbaum - Hochschwändi,47.0353206,7.8890041,yellow::yellow_diamond,2024-11-22 15:07:04
7263914,Roggliswil - Chüewald,47.2175554,7.8793397,yellow::yellow_diamond,2024-11-22 15:07:04
7263915,Roggliswil - Stempechwald,47.2035736,7.8862254,yellow::yellow_diamond,2024-11-22 15:07:04
7263919,Ebersecken - Uf em Äasch,47.1848653,7.9400648,yellow::yellow_diamond,2024-11-22 15:07:04
7263920,Hinter Huebäbni - Uf em Äasch,47.1942238,7.948937,yellow::yellow_diamond,2024-11-22 15:07:04
7263921,Nebikon - Uf em Äasch,47.186536,7.9614881,yellow::yellow_diamond,2024-11-22 15:07:04
7293296,Gribsch - Steinerberg,47.0608314,8.5737826,yellow::yellow_diamond,2024-11-22 15:07:04
7306792,Roggliswil - Ober Berghof,47.2100908,7.8741758,yellow::yellow_diamond,2024-11-22 15:07:04
7306798,Altbüron - Stempechwald,47.1883426,7.8852362,yellow::yellow_diamond,2024-11-22 15:07:04
7306799,Altbüron - Stempechwald,47.1910965,7.8775366,yellow::yellow_diamond,2024-11-22 15:07:04
7306805,Hünkihof - Bodeberg,47.149654,7.9315597,yellow::yellow_diamond,2024-11-22 15:07:04
7306806,Hünkihof - Hällershof,47.1481318,7.9430284,yellow::yellow_diamond,2024-11-22 15:07:04
7306807,Punkt 568 - Chastelen,47.1471612,7.9871483,yellow::yellow_diamond,2024-11-22 15:07:04
7306819,Niderwil - Hünkihof,47.1521713,7.9491809,yellow::yellow_diamond,2024-11-22 15:07:04
7326139,Hasenschwand - Talhof,47.0553709,8.0432482,yellow::yellow_diamond,2024-11-22 15:07:04
7326140,Wolhusen - Hasenschwand,47.0560337,8.0598239,yellow::yellow_diamond,2024-11-22 15:07:04
7326144,Menzberg - Gutenegg,47.0447234,7.9971468,yellow::yellow_diamond,2024-11-22 15:07:04
7387100,Alpoglen - Sandboden,46.8220635,8.1151074,red:white:red_bar,2024-11-22 15:07:04
7387102,Brosmatt - Hinterbrosmatt,46.8140454,8.1317952,red:white:red_bar,2024-11-22 15:07:04
7411940,Romoos - Schwändi,47.0044074,8.0159824,yellow::yellow_diamond,2024-11-22 15:07:04
7411941,Ober Länggrat - Schwändi,47.0006814,7.9956632,yellow::yellow_diamond,2024-11-22 15:07:04
7411978,Romoos - Holzwäge,47.0099264,8.0118207,yellow::yellow_diamond,2024-11-22 15:07:04
7433173,Doppelschwand -Chappelbodenbrücke,47.0244243,8.06158,yellow::yellow_diamond,2024-11-22 15:07:04
7433175,Chrummatt - Drachslis,46.9882277,8.0009195,yellow::yellow_diamond,2024-11-22 15:07:04
7433177,Drachslis - Ober Länggrat,46.9936666,7.985315,yellow::yellow_diamond,2024-11-22 15:07:04
7440230,Kurhaus Richenthal - Äberdingen,47.2128034,7.9237439,yellow::yellow_diamond,2024-11-22 15:07:04
7440233,Roggliswil - Äberdingen,47.2110554,7.8965893,yellow::yellow_diamond,2024-11-22 15:07:04
7440235,Kället - Unter Schlämpen,47.1634964,7.9238434,yellow::yellow_diamond,2024-11-22 15:07:04
7447785,Räckholteren - Urnerstaffel,46.869546,8.4467189,red:white:red_bar,2024-11-22 15:07:04
7447786,Urnerstaffel - Banalpsee,46.8696248,8.4349444,red:white:red_bar,2024-11-22 15:07:04
7470023,Romoos - Gadenstatt,47.0064949,8.031363,yellow::yellow_diamond,2024-11-22 15:07:04
7470029,Gadenstatt - Oberhüseren,47.0019513,8.0396981,yellow::yellow_diamond,2024-11-22 15:07:04
7511577,Hilferenhüttli - Hilferenpass,46.8735125,7.9693146,red:white:red_bar,2024-11-22 15:07:04
7511583,Imbrig - Steinwang,46.8307104,7.9428656,red:white:red_bar,2024-11-22 15:07:04
7511585,Kemmeriboden-Bad - Imbrig,46.8145176,7.9367811,red:white:red_bar,2024-11-22 15:07:04
7511587,Ober Sidenmoos - Nesslenboden,46.8443077,7.9126702,yellow::yellow_diamond,2024-11-22 15:07:04
7511590,Marbach - Ober Sidenmoos,46.8462829,7.9036501,yellow::yellow_diamond,2024-11-22 15:07:04
7511592,Marbach Talstaion - Marbachegg,46.8415647,7.9000044,yellow::yellow_diamond,2024-11-22 15:07:04
7511594,Marbachegg - Imbrig,46.8311386,7.9230233,yellow::yellow_diamond,2024-11-22 15:07:04
7511596,Nesslenboden - Chadhus,46.8363718,7.9248237,yellow::yellow_diamond,2024-11-22 15:07:04
7511598,Sörenberg - Schönenboden,46.815112,8.0468022,yellow::yellow_diamond,2024-11-22 15:07:04
7511600,Salwidili -Zopf,46.8131657,7.9980865,yellow::yellow_diamond,2024-11-22 15:07:04
7511601,Schwändiegg - Hilferenpass,46.8797836,7.9869874,red:white:red_bar,2024-11-22 15:07:04
7511602,Schwändiegg - Torbach,46.8778786,8.0039273,red:white:red_bar,2024-11-22 15:07:04
7511603,Steinwang - Hürnli,46.8426705,7.9408544,red:white:red_bar,2024-11-22 15:07:04
7511604,Sudelhöchi - Salwidili,46.8234987,8.0047931,yellow::yellow_diamond,2024-11-22 15:07:04
7511605,Sägerei - Sörenbärgli,46.8337862,8.0172448,yellow::yellow_diamond,2024-11-22 15:07:04
7511606,Sägerei - Südelhöchi,46.8306877,8.0165723,yellow::yellow_diamond,2024-11-22 15:07:04
7511609,Zopf - Blattenschwand,46.8075473,7.9994112,red:white:red_bar,2024-11-22 15:07:04
7514692,Nesslenboden - Unt. Schübelsmoos - Hürnli,46.8484593,7.924648,red:white:red_bar,2024-11-22 15:07:04
7514693,Steinwang - Vorder Bättenalp,46.8407689,7.9523065,red:white:red_bar,2024-11-22 15:07:04
7514697,Rossweid - Blattenegg,46.8024319,8.0231164,red:white:red_bar,2024-11-22 15:07:04
7514698,Nesslenboden - Hürnli,46.8448153,7.9271477,red:white:red_bar,2024-11-22 15:07:04
7580039,Obere Stalde - Willisau,47.1282489,7.9842574,yellow::yellow_diamond,2024-11-22 15:07:04
7580040,Brisek - Zell,47.1382014,7.9287316,yellow::yellow_diamond,2024-11-22 15:07:04
7580041,Brisek - Tal,47.1352386,7.9335128,yellow::yellow_diamond,2024-11-22 15:07:04
7580042,Zell - Tal,47.1347763,7.9287411,yellow::yellow_diamond,2024-11-22 15:07:04
7580045,Tal - Stocki,47.131254,7.9346352,yellow::yellow_diamond,2024-11-22 15:07:04
7580050,Hergiswil - Opfersbüel,47.0799108,7.9464331,yellow::yellow_diamond,2024-11-22 15:07:04
7580372,Oberalp - Staffel,46.8908947,8.352848,red:white:red_bar,2024-11-22 15:07:04
7580373,Staffel - Bödmen,46.8819694,8.3497362,red:white:red_bar,2024-11-22 15:07:04
7580375,Büelen - Diegischbalm,46.8872865,8.3687793,red:white:red_bar,2024-11-22 15:07:04
7603504,Trubschachen - Imperech,46.9467379,7.8444961,yellow::yellow_diamond,2024-11-22 15:07:04
7603506,Huttwil - Fritzenflue,47.0868451,7.842035,yellow::yellow_diamond,2024-11-22 15:07:04
7603507,Huttwil - Huttwilerberg,47.1175961,7.8471801,yellow::yellow_diamond,2024-11-22 15:07:04
7617967,Chlosterwald - Rengg,47.0171675,8.0973996,yellow::yellow_diamond,2024-11-22 15:07:04
7617969,Dünnhirs - Rotenflue,47.0363255,8.1205352,yellow::yellow_diamond,2024-11-22 15:07:04
7617970,Schachen - Rotenflue,47.0352408,8.1356739,yellow::yellow_diamond,2024-11-22 15:07:04
7651834,Mühle - Frauenkirch,46.7598818,9.7920355,yellow::yellow_diamond,2024-11-22 15:07:04
7651835,Mühle - Spina,46.7465167,9.7836241,yellow::yellow_diamond,2024-11-22 15:07:04
7651836,Monstein - Spina,46.7272441,9.7775436,yellow::yellow_diamond,2024-11-22 15:07:04
7651837,Monstein - Laubenalp,46.7045995,9.7766622,red:white:red_bar,2024-11-22 15:07:04
7651838,Laubenalp - Oberalp,46.7025714,9.7840771,red:white:red_bar,2024-11-22 15:07:04
7651839,Oberalp - Hauderalp,46.7121769,9.7841333,red:white:red_bar,2024-11-22 15:07:04
7651840,Jetzmeder Rinerhorn - Hauderalp,46.7304591,9.7914441,red:white:red_bar,2024-11-22 15:07:04
7651841,Sertig Sand - Jetzmeder Rinerhorn,46.7374219,9.826364,red:white:red_bar,2024-11-22 15:07:04
7662769,Wiesen - Steig,46.7086776,9.7257827,red:white:red_bar,2024-11-22 15:07:04
7665160,Tenero - Gordemo,46.1841298,8.8515278,yellow::yellow_diamond,2024-11-22 15:07:04
7686295,Capanna Barone-Rifugio Alpe Sponda,46.406633,8.7676676,blue:white:blue_bar,2024-11-22 15:07:04
7689611,Escholzmatt - Schwandacher,46.9195494,7.9373653,yellow::yellow_diamond,2024-11-22 15:07:04
7689613,Grätliegg - Wittenschwändi,46.9494563,7.9344519,yellow::yellow_diamond,2024-11-22 15:07:04
7708224,Wolhusen - Obermoos,47.0497606,8.0768304,yellow::yellow_diamond,2024-11-22 15:07:04
7713792,Stäfeli,46.9859649,8.1697993,yellow::yellow_diamond,2024-11-22 15:07:04
7734051,Monti di Artore-Pian Laghetto,46.1886752,9.0433218,red:white:red_bar,2024-11-22 15:07:04
7734082,Monti di Ravecchia-Paudo,46.177324,9.0435198,red:white:red_bar,2024-11-22 15:07:04
7734086,Monti di Ravecchia-Monti di Artore,46.1856197,9.0520407,red:white:red_bar,2024-11-22 15:07:04
7734456,Pianezzo-Lôro,46.1694881,9.0243945,red:white:red_bar,2024-11-22 15:07:04
7734457,Paudo bus-Pianezzo,46.171415,9.0333162,red:white:red_bar,2024-11-22 15:07:04
7734458,Paudo-Monti di Paudo,46.1727831,9.0415622,red:white:red_bar,2024-11-22 15:07:04
7737626,Huserenberg - Rätigs,47.0174899,8.6854995,yellow::yellow_diamond,2024-11-22 15:07:04
7744277,Musenalp - Bärenfallen,46.9264541,8.4498743,red:white:red_bar,2024-11-22 15:07:04
7745553,Ochsenboden-Diethelm,47.0572255,8.8708464,red:white:red_bar,2024-11-22 15:07:04
7749034,Gesslerber-Alpenhof,47.0796464,8.4483467,yellow::yellow_diamond,2024-11-22 15:07:04
7749126,Alpenhof-Schluchegg,47.0689112,8.4522684,red:white:red_bar,2024-11-22 15:07:04
7749504,Resti-Fruttli,47.0393986,8.5044119,yellow::yellow_diamond,2024-11-22 15:07:04
7749520,Kulmhutte-Rigi Staffel,47.0527995,8.4819762,yellow::yellow_diamond,2024-11-22 15:07:04
7749531,Dächli-Blatten,47.0434955,8.5142699,yellow::yellow_diamond,2024-11-22 15:07:04
7759192,Diga Luzzone-Lago Luzzone,46.5632399,8.9618812,red:white:red_bar,2024-11-22 15:07:04
7782373,Chemin Dessus - Vens,46.0882838,7.1105563,yellow::yellow_diamond,2024-11-22 15:07:04
7782374,Vens - Col des Planches,46.0925062,7.126188,yellow::yellow_diamond,2024-11-22 15:07:04
7782376,Vollèges > Etiez,46.0842482,7.1664985,yellow::yellow_diamond,2024-11-22 15:07:04
7787012,Ufen Tritt - Amselspitz,47.0870932,8.7411209,red:white:red_bar,2024-11-22 15:07:04
7787013,Ufen Tritt - Amselspitz,47.0949303,8.7426457,red:white:red_bar,2024-11-22 15:07:04
7787014,Chälen - Ufen Tritt,47.1051658,8.7454358,red:white:red_bar,2024-11-22 15:07:04
7787020,Furggelen - Surnnentobel,47.05201,8.7472421,red:white:red_bar,2024-11-22 15:07:04
7787021,Furggelen - Surnnentobel,47.0468552,8.7391672,red:white:red_bar,2024-11-22 15:07:04
7792960,Waldmannsburg - Hermikon,47.3803948,8.6255008,yellow::yellow_diamond,2024-11-22 15:07:04
7804734,Milchbuck,47.3974512,8.5418858,yellow::yellow_diamond,2024-11-22 15:07:04
7810563,Chrüzegg-Habrüti Sattel,47.3010232,9.0089637,yellow::yellow_diamond,2024-11-22 15:07:04
7810568,Hüttenberg-Hint. Rotstein,47.2804842,9.0225554,yellow::yellow_diamond,2024-11-22 15:07:04
7810569,Atzmännig Bergstation-Hint. Rotstein,47.2811478,9.016521,yellow::yellow_diamond,2024-11-22 15:07:04
7810570,Atzmännig Bergstation-Hüttenberg,47.2782185,9.0173866,yellow::yellow_diamond,2024-11-22 15:07:04
7810571,Atzmännig Bergstation-Obere Amännig,47.2788477,9.0094716,yellow::yellow_diamond,2024-11-22 15:07:04
7810572,Schutt-Obere Amännig,47.2811492,9.0006989,yellow::yellow_diamond,2024-11-22 15:07:04
7810588,Habrüti Sattel-Hinter Chreuel,47.306405,9.0010085,yellow::yellow_diamond,2024-11-22 15:07:04
7810591,Hinter Chreuel-Libingen,47.3132295,9.004721,red:white:red_bar,2024-11-22 15:07:04
7810637,Rossfallen-Schutt,47.2870577,8.9908917,yellow::yellow_diamond,2024-11-22 15:07:04
7810638,Rossfallen-Chamm,47.2934447,8.9893347,yellow::yellow_diamond,2024-11-22 15:07:04
8007591,Grenzentürli - Wagemoos,47.0710394,8.3916299,yellow::yellow_diamond,2024-11-22 15:07:04
8007592,Wagemoos - Schlittenried,47.073262,8.3983108,yellow::yellow_diamond,2024-11-22 15:07:04
8007594,Forenmoos - Küssnacht,47.0805105,8.4213096,yellow::yellow_diamond,2024-11-22 15:07:04
8014302,Spital - Bögliegg,47.0818984,8.7659778,red:white:red_bar,2024-11-22 15:07:04
8014369,Ober Tries - Unter Hummel,47.0946953,8.7692625,yellow::yellow_diamond,2024-11-22 15:07:04
8014370,Bögliegg - Ober Tries,47.0871757,8.7644124,red:white:red_bar,2024-11-22 15:07:04
8014380,Ober Tries - Ijenschatten,47.0946267,8.7596707,red:white:red_bar,2024-11-22 15:07:04
8014387,Ijenschatten - Chälen,47.1044372,8.754256,yellow::yellow_diamond,2024-11-22 15:07:04
8014397,Ijenschatten - Rämpelensäge,47.1034019,8.7614174,yellow::yellow_diamond,2024-11-22 15:07:04
8014406,Rämpelensäge - Gross,47.1114408,8.7699796,yellow::yellow_diamond,2024-11-22 15:07:04
8014433,Rämpelensäge - Chälen,47.1093631,8.7584145,yellow::yellow_diamond,2024-11-22 15:07:04
8015339,Rämpelensäge - Gross,47.1161999,8.7699305,yellow::yellow_diamond,2024-11-22 15:07:04
8049607,Oberurdorf - Reppischhof,47.3825339,8.4098657,yellow::yellow_diamond,2024-11-22 15:07:04
8062162,La Dôle,46.4296294,6.0943914,yellow::yellow_diamond,2024-11-22 15:07:04
8137480,Vorderthal - Stuckliwald,47.1204378,8.9185052,yellow::yellow_diamond,2024-11-22 15:07:04
8137481,Vorderthal - Rötstock,47.1247046,8.9132133,yellow::yellow_diamond,2024-11-22 15:07:04
8137550,Stuckliwald - Schwarzenegghöchi,47.1079984,8.9415869,red:white:red_bar,2024-11-22 15:07:04
8137678,Innerthal - Schwarzenegg,47.0978655,8.9375299,red:white:red_bar,2024-11-22 15:07:04
8137777,Innerthal - Ober Tritt,47.1079089,8.9190003,red:white:red_bar,2024-11-22 15:07:04
8143283,Schloss Heidegg - Kleinwangen,47.2054013,8.2852425,yellow::yellow_diamond,2024-11-22 15:07:04
8143288,Baar SBB - Jöchler,47.1996939,8.5220569,yellow::yellow_diamond,2024-11-22 15:07:04
8143293,Jöchler - Schlüsseli,47.2035704,8.5309644,yellow::yellow_diamond,2024-11-22 15:07:04
8143318,Deinikon - Büni,47.207178,8.5423166,yellow::yellow_diamond,2024-11-22 15:07:04
8143320,Büni - Deibüel,47.2109211,8.5356766,yellow::yellow_diamond,2024-11-22 15:07:04
8144691,Albishorn - Äbni,47.2519286,8.5406794,yellow::yellow_diamond,2024-11-22 15:07:04
8165444,Emmenbrücke Bahnhof - Emmenbrücke Ruesszopfweg,47.0688207,8.2830286,yellow::yellow_diamond,2024-11-22 15:07:04
8171715,Witikon - Pfaffhausen,47.3635755,8.6072407,yellow::yellow_diamond,2024-11-22 15:07:04
8172940,Reppischhof - Unter Reppischtal,47.3796491,8.405311,yellow::yellow_diamond,2024-11-22 15:07:04
8172946,Isenberg - Bickwil,47.2754197,8.4254138,yellow::yellow_diamond,2024-11-22 15:07:04
8172947,Ottenbach - Affoltern a.A.,47.2765133,8.4258278,yellow::yellow_diamond,2024-11-22 15:07:04
8172949,Ottenbach - Zwillikon,47.2834033,8.4181926,yellow::yellow_diamond,2024-11-22 15:07:04
8187935,Nänikon - Bluetmatt,47.3715075,8.6902734,yellow::yellow_diamond,2024-11-22 15:07:04
8191342,Gutenswil - Fehraltorf,47.3845772,8.7335355,yellow::yellow_diamond,2024-11-22 15:07:04
8191343,Gutenswil - Kindhausen,47.3950721,8.6985887,yellow::yellow_diamond,2024-11-22 15:07:04
8197286,Moosburg - Bisikon,47.4154989,8.6951175,yellow::yellow_diamond,2024-11-22 15:07:04
8199395,Winikon - Hooggen,47.3675163,8.7254874,yellow::yellow_diamond,2024-11-22 15:07:04
8199698,Wermatswil - Ottenhusen,47.3533491,8.7555428,yellow::yellow_diamond,2024-11-22 15:07:04
8201199,Seegräben Landungssteg - Robenhausen,47.3377293,8.7816168,yellow::yellow_diamond,2024-11-22 15:07:04
8205853,Sattel Talstation - Mostelberg,47.0752633,8.6431242,yellow::yellow_diamond,2024-11-22 15:07:04
8205901,südlich Mostelegg - Haggenegg,47.0535426,8.6719491,yellow::yellow_diamond,2024-11-22 15:07:04
8205903,Blüemsliberg - Chaltbach,47.0512754,8.6472019,yellow::yellow_diamond,2024-11-22 15:07:04
8205904,Blüemsliberg - südlich Mostelegg,47.05503,8.6540266,yellow::yellow_diamond,2024-11-22 15:07:04
8205907,Mostelberg - Engelstockweid,47.0633965,8.6455587,yellow::yellow_diamond,2024-11-22 15:07:04
8217000,Bleihof - Altnau,47.6004396,9.262233,yellow::yellow_diamond,2024-11-22 15:07:04
8217942,Zuben - Altnau,47.6100728,9.2452262,yellow::yellow_diamond,2024-11-22 15:07:04
8217943,Schönenbaumgarten - Zuben,47.6112358,9.2318795,yellow::yellow_diamond,2024-11-22 15:07:04
8241900,Quinten - Bidem,47.1320847,9.208726,red:white:red_bar,2024-11-22 15:07:04
8241901,Seerenwad - Bidem,47.1352689,9.1955717,red:white:red_bar,2024-11-22 15:07:04
8241954,Weesen - Flihof,47.1373179,9.1066318,yellow::yellow_diamond,2024-11-22 15:07:04
8241959,Höfli - Betlis Strahlegg,47.1365476,9.1458596,yellow::yellow_diamond,2024-11-22 15:07:04
8274336,Schloss Sonnenberg - Lommis - Thürn,47.5167721,8.9870107,yellow::yellow_diamond,2024-11-22 15:07:04
8274601,Denteberg - Sunnendörfli,46.9359154,7.52966,yellow::yellow_diamond,2024-11-22 15:07:04
8278464,Rigi Scheidegg - Hinter Dossen,47.0257738,8.5153395,yellow::yellow_diamond,2024-11-22 15:07:04
8293347,Knonau - Wissenbach,47.2275592,8.4683407,yellow::yellow_diamond,2024-11-22 15:07:04
8297368,Seewen / Schwyz - Schwyz,47.0238188,8.6420778,yellow::yellow_diamond,2024-11-22 15:07:04
8313730,Hagendorn - Lindenchamerwald,47.1983451,8.4339331,yellow::yellow_diamond,2024-11-22 15:07:04
8313731,Hünenberg - Hagendorn,47.190696,8.4259864,yellow::yellow_diamond,2024-11-22 15:07:04
8318427,Schwyz - Schwyz Hauptplatz,47.0208961,8.652796,yellow::yellow_diamond,2024-11-22 15:07:04
8330561,Post Rathaus - Erligütsch,47.1982925,8.4824117,yellow::yellow_diamond,2024-11-22 15:07:04
8330562,Steinhauserwald - Erligütsch,47.2029483,8.4857286,yellow::yellow_diamond,2024-11-22 15:07:04
8330563,Hinter Zimbel - Steinhausen,47.1980292,8.4941315,yellow::yellow_diamond,2024-11-22 15:07:04
8330564,Hinter Zimbel - Steinhausen,47.2006065,8.4924536,yellow::yellow_diamond,2024-11-22 15:07:04
8330565,Höfen - Post Rathaus,47.1943411,8.4886441,yellow::yellow_diamond,2024-11-22 15:07:04
8330566,Schochenmühle - Steinhausen,47.192144,8.4927403,yellow::yellow_diamond,2024-11-22 15:07:04
8336591,Bang'et - Alp digl Guert,46.6989509,9.6371826,red:white:red_bar,2024-11-22 15:07:04
8341692,Michaelskreuz - Gisikon-Root,47.1175616,8.4039701,yellow::yellow_diamond,2024-11-22 15:07:04
8347807,Gelterkinden - Ormalingen,47.4673403,7.8653215,yellow::yellow_diamond,2024-11-22 15:07:04
8347810,Hellikon - Chriesiberg,47.5226368,7.9155381,yellow::yellow_diamond,2024-11-22 15:07:04
8347811,Kymshof,47.5371628,7.8490316,yellow::yellow_diamond,2024-11-22 15:07:04
8347813,Kymshof - Möhlin,47.5515641,7.8379846,yellow::yellow_diamond,2024-11-22 15:07:04
8347814,Bachtele - Riburg,47.574451,7.8389365,yellow::yellow_diamond,2024-11-22 15:07:04
8347816,Rheinfelden - Bachtele,47.570143,7.8138257,yellow::yellow_diamond,2024-11-22 15:07:04
8347819,Rappertshüseren - Stelli,47.5804334,7.8903068,yellow::yellow_diamond,2024-11-22 15:07:04
8347821,Mumpf - Wallbach,47.5518402,7.9120971,yellow::yellow_diamond,2024-11-22 15:07:04
8362631,Hintertal - Freudental,47.2670681,8.9750724,yellow::yellow_diamond,2024-11-22 15:07:04
8368656,Niedergösgen - Niedererlinsbach,47.3847236,8.0019499,yellow::yellow_diamond,2024-11-22 15:07:04
8372665,Peschrüti - Bödli,46.8927274,8.595285,red:white:red_bar,2024-11-22 15:07:04
8372666,Bolzbach - Bödli,46.899012,8.5912871,red:white:red_bar,2024-11-22 15:07:04
8372986,Flüelen - Eggbergen,46.8992903,8.6250314,yellow::yellow_diamond,2024-11-22 15:07:04
8373297,Ingenbohler Wald - Brunnen,46.993888,8.6096063,yellow::yellow_diamond,2024-11-22 15:07:04
8373302,Morschach - Brunnen,46.9841578,8.6154335,yellow::yellow_diamond,2024-11-22 15:07:04
8373303,Morschach - Mattli,46.9794478,8.6168974,yellow::yellow_diamond,2024-11-22 15:07:04
8373304,Morschach - Axenstein,46.9841548,8.6170511,yellow::yellow_diamond,2024-11-22 15:07:04
8373305,Morschach - Dagenbalm,46.9803852,8.6214402,yellow::yellow_diamond,2024-11-22 15:07:04
8373306,Schilti - Mattli,46.9716519,8.6165636,yellow::yellow_diamond,2024-11-22 15:07:04
8373307,Schilti - Morschach,46.9745123,8.6185311,yellow::yellow_diamond,2024-11-22 15:07:04
8373308,Schilti - Hezig,46.9691659,8.6182684,yellow::yellow_diamond,2024-11-22 15:07:04
8373309,Schilti - Fronwald,46.960581,8.6223124,red:white:red_bar,2024-11-22 15:07:04
8373310,Binzenegg - Schilti,46.9602116,8.6219146,yellow::yellow_diamond,2024-11-22 15:07:04
8373314,Gallerie Buggi - Buggi,46.941825,8.6182057,red:white:red_bar,2024-11-22 15:07:04
8373315,Tellskapelle - Tellsplatte,46.932411,8.6129964,yellow::yellow_diamond,2024-11-22 15:07:04
8403351,Babeliplatz - Grossdietwil,47.1723938,7.8744077,yellow::yellow_diamond,2024-11-22 15:07:04
8403352,Grossdietwil - Schwandmatt,47.1603115,7.8897424,yellow::yellow_diamond,2024-11-22 15:07:04
8403353,Schwandmatt - Fischbach,47.1524571,7.9016659,yellow::yellow_diamond,2024-11-22 15:07:04
8403359,Gondiswil - Gondiswil Station,47.1370079,7.8792851,yellow::yellow_diamond,2024-11-22 15:07:04
8403360,Gondiswil - Ob. Hiferdingen,47.1125749,7.8891859,yellow::yellow_diamond,2024-11-22 15:07:04
8427118,Bickrüti - Bühl,47.4306421,8.4015992,yellow::yellow_diamond,2024-11-22 15:07:04
8427460,Höfli - Talegg,47.1372914,9.1435959,yellow::yellow_diamond,2024-11-22 15:07:04
8427503,Panüöl - Fursch,47.0573517,9.2497242,red:white:red_bar,2024-11-22 15:07:04
8427504,Maschgenlugge - Panüöl,47.0656252,9.2574689,red:white:red_bar,2024-11-22 15:07:04
8427505,Maschgenkamm - Maschgenlugge,47.0690168,9.2546032,red:white:red_bar,2024-11-22 15:07:04
8436031,Dundelalp - Feldmoos,46.7984317,8.134011,red:white:red_bar,2024-11-22 15:07:04
8436033,Sädel - Dundelegg,46.7978361,8.1307746,red:white:red_bar,2024-11-22 15:07:04
8436034,Dundelegg - Turren,46.7924643,8.1239048,yellow::yellow_diamond,2024-11-22 15:07:04
8445761,Hasental - Grund,47.1726335,8.591466,yellow::yellow_diamond,2024-11-22 15:07:04
8445792,Sarbach - Sennweid,47.2060441,8.5895165,yellow::yellow_diamond,2024-11-22 15:07:04
8445795,Hinterburg - Hinterburg-Müll,47.1963911,8.5712317,yellow::yellow_diamond,2024-11-22 15:07:04
8445796,Lüthärtigen - Hinterburg-Müll,47.1913215,8.5732255,yellow::yellow_diamond,2024-11-22 15:07:04
8467258,Anzflue - Chörnlisberg,47.4803534,8.2621501,yellow::yellow_diamond,2024-11-22 15:07:04
8467595,Forellensee - Manneberg,46.5671437,7.3810905,yellow::yellow_diamond,2024-11-22 15:07:04
8467596,Zweisimmen - Forellensee,46.560636,7.3782868,yellow::yellow_diamond,2024-11-22 15:07:04
8468231,Gebenstorf - Gebenstorf Steg,47.4801388,8.2355946,yellow::yellow_diamond,2024-11-22 15:07:04
8478079,Haggenegg - Alp Zwüschet Mythen,47.0427617,8.6886955,yellow::yellow_diamond,2024-11-22 15:07:04
8483554,Rinderberg - Parwengen,46.4988347,7.352758,red:white:red_bar,2024-11-22 15:07:04
8483555,Parwengen - Hornberg,46.489029,7.3351387,red:white:red_bar,2024-11-22 15:07:04
8483556,Hornberg - Horneggli,46.4909454,7.3182888,red:white:red_bar,2024-11-22 15:07:04
8483557,Horneggli - Haldisbärgli,46.494652,7.3092605,red:white:red_bar,2024-11-22 15:07:04
8483558,Haldisbärgli - Kübeli,46.4983684,7.3019498,red:white:red_bar,2024-11-22 15:07:04
8483629,Kübeli - Schönried,46.5021189,7.2946539,red:white:red_bar,2024-11-22 15:07:04
8486552,La Chaux-de-Fonds - Saut du Doubs,47.0952586,6.7691999,yellow::yellow_diamond,2024-11-22 15:07:04
8486566,Günterigs - Zwüschet Mythen,47.0315789,8.6808025,red:white:red_bar,2024-11-22 15:07:04
8486570,Günterigs - Hasli,47.0263753,8.6842277,yellow::yellow_diamond,2024-11-22 15:07:04
8486644,Schwyz Hauptplatz - Waldegg,47.0181329,8.6576267,yellow::yellow_diamond,2024-11-22 15:07:04
8491639,Hohliebi - Wallbachschlucht,46.4575656,7.4309299,red:white:red_bar,2024-11-22 15:07:04
8491640,Berghaus Wallegg - Seitengraben,46.4504547,7.4147627,red:white:red_bar,2024-11-22 15:07:04
8491641,Seitengraben - Obere Lochberg,46.4399922,7.3960217,red:white:red_bar,2024-11-22 15:07:04
8491642,Obere Lochberg - Trütlisbergpass,46.4300461,7.3811704,red:white:red_bar,2024-11-22 15:07:04
8491668,Gryden - Leiterli,46.4231267,7.3990311,red:white:red_bar,2024-11-22 15:07:04
8495339,Escholzmatt - Turner,46.9244088,7.9241321,yellow::yellow_diamond,2024-11-22 15:07:04
8495341,Escholzmatt - Gmeinwerch,46.9370767,7.9497707,yellow::yellow_diamond,2024-11-22 15:07:04
8506675,Gmünden - Schynenalp,46.9824955,7.8413297,yellow::yellow_diamond,2024-11-22 15:07:04
8506679,Risiseggchnubbel - Altgfähl,46.9380786,7.8955653,yellow::yellow_diamond,2024-11-22 15:07:04
8506684,Hinter Risisegg - Risiseggchnubel,46.9376985,7.8931271,yellow::yellow_diamond,2024-11-22 15:07:04
8506688,St.Anna - Bödeli,46.9125738,7.9157445,yellow::yellow_diamond,2024-11-22 15:07:04
8506778,Rügsauschachen - Lochbachbrügg,47.0269868,7.6461888,yellow::yellow_diamond,2024-11-22 15:07:04
8506793,Ramsei / Grünestäg,46.9971655,7.7062826,yellow::yellow_diamond,2024-11-22 15:07:04
8506802,Grünenmatt - Jörberg,47.0126954,7.7361174,yellow::yellow_diamond,2024-11-22 15:07:04
8506805,Jörberg - Haretegg,47.017587,7.7515729,yellow::yellow_diamond,2024-11-22 15:07:04
8506808,Haretegg - Sänggli,47.0238135,7.7753001,yellow::yellow_diamond,2024-11-22 15:07:04
8507908,Druesberglücke - Klein Sternen,47.0007943,8.8130959,blue:white:blue_bar,2024-11-22 15:07:04
8514216,Oeschseite Station - Oeschseite,46.5299661,7.3493969,yellow::yellow_diamond,2024-11-22 15:07:04
8530505,Unter Roggenloch - Stägen,46.9809364,8.8489366,red:white:red_bar,2024-11-22 15:07:04
8531275,Mosenried - Zweisimmen,46.5508605,7.3717368,yellow::yellow_diamond,2024-11-22 15:07:04
8531290,Zweisimmen - Hofbrügg,46.5457961,7.3805205,yellow::yellow_diamond,2024-11-22 15:07:04
8531291,Hofbrügg - Blankenburg,46.5397417,7.3870219,yellow::yellow_diamond,2024-11-22 15:07:04
8531292,Blankenburg - Zweisimmen,46.5475407,7.3819054,yellow::yellow_diamond,2024-11-22 15:07:04
8531293,Zweisimmen - Oberried,46.5552424,7.3809968,yellow::yellow_diamond,2024-11-22 15:07:04
8531294,Zweisimmen Simmenweg,46.5524733,7.3817993,yellow::yellow_diamond,2024-11-22 15:07:04
8553081,Ilanz/Glion - Schnaus,46.7760384,9.1916322,yellow::yellow_diamond,2024-11-22 15:07:04
8553082,Schnaus - Strada,46.7768366,9.1803812,yellow::yellow_diamond,2024-11-22 15:07:04
8553093,Rueun - Andiast,46.7812852,9.1439847,red:white:red_bar,2024-11-22 15:07:04
8553095,Schnaus - Siat,46.7786039,9.1724848,red:white:red_bar,2024-11-22 15:07:04
8553096,Schnaus - Rueun,46.7783111,9.1641054,red:white:red_bar,2024-11-22 15:07:04
8553097,Schnaus - Ruschein,46.7783595,9.1772192,red:white:red_bar,2024-11-22 15:07:04
8553098,Schnaus - Station Rueun,46.7767058,9.1772206,yellow::yellow_diamond,2024-11-22 15:07:04
8553163,Rueun - Fuorcla da Ranasca,46.810368,9.1403174,red:white:red_bar,2024-11-22 15:07:04
8593654,Horwen - Bonen,46.6594632,8.538241,red:white:red_bar,2024-11-22 15:07:04
8595771,Oberalppass - Fellilücke,46.6784797,8.6639876,red:white:red_bar,2024-11-22 15:07:04
8601129,Scharmis - Chräje,47.0195173,8.199393,yellow::yellow_diamond,2024-11-22 15:07:04
8601130,Räschenhaus - Chräje,47.015539,8.1960118,yellow::yellow_diamond,2024-11-22 15:07:04
8601135,Lifelen - Scharmis,47.019423,8.1918209,yellow::yellow_diamond,2024-11-22 15:07:04
8601136,Schwarzenberg - Scharmis,47.0204905,8.1853201,yellow::yellow_diamond,2024-11-22 15:07:04
8601145,Witentor - Neuhushof,47.0471148,8.2119479,yellow::yellow_diamond,2024-11-22 15:07:04
8601146,Neuhushof - Spahau,47.0486739,8.2268187,yellow::yellow_diamond,2024-11-22 15:07:04
8601147,Huobenfang - Büelmatt,47.0844065,8.2568304,yellow::yellow_diamond,2024-11-22 15:07:04
8601165,Eigenthal - Chräje,47.012831,8.2033084,yellow::yellow_diamond,2024-11-22 15:07:04
8604288,Moosschür - Bremgarte,47.0768507,8.2044038,yellow::yellow_diamond,2024-11-22 15:07:04
8642711,Friedental - Rotsee West,47.0604502,8.2965421,yellow::yellow_diamond,2024-11-22 15:07:04
8642715,Rotsee Ost - Ebikon,47.0796787,8.3359192,yellow::yellow_diamond,2024-11-22 15:07:04
8642730,Ebikon - Ober Äbrüti,47.0816573,8.3508638,yellow::yellow_diamond,2024-11-22 15:07:04
8662774,Susch-Clüs,46.7264136,10.0835365,red:white:red_bar,2024-11-22 15:07:04
8702717,Grundkopf Rundwanderweg,47.0497428,9.040869,red:white:red_bar,2024-11-22 15:07:04
8709477,Rossbodenjoch - Muttler,46.9062924,10.3782844,red:white:red_bar,2024-11-22 15:07:04
8712907,Bannegg (1460m) - Bannegg (1440m),47.0650747,8.6696616,red:white:red_bar,2024-11-22 15:07:04
8712908,Bannegg - Hochstückli,47.0611517,8.6697301,red:white:red_bar,2024-11-22 15:07:04
8730113,Gisikon Root Station - Root,47.1173335,8.3938564,yellow::yellow_diamond,2024-11-22 15:07:04
8730114,Root Oberdorf - Root,47.1136227,8.3895632,yellow::yellow_diamond,2024-11-22 15:07:04
8730118,Buchrain - Root,47.1042068,8.3688563,yellow::yellow_diamond,2024-11-22 15:07:04
8730144,Gisikon Root - Perlen,47.116002,8.3786161,yellow::yellow_diamond,2024-11-22 15:07:04
8730145,Perlenbrücke - Perlen,47.1068061,8.3555116,yellow::yellow_diamond,2024-11-22 15:07:04
8733367,Bidem - Laubegg,47.1378467,9.2060697,red:white:red_bar,2024-11-22 15:07:04
8733377,Laubegg - Säls,47.1403937,9.2209025,red:white:red_bar,2024-11-22 15:07:04
8733506,Bergwald - Klinik Walenstadtberg,47.1414242,9.2852159,yellow::yellow_diamond,2024-11-22 15:07:04
8733509,Walenstadtberg - Quinten,47.1330411,9.2533704,yellow::yellow_diamond,2024-11-22 15:07:04
8733510,Bergwald - Walenstadtberg,47.1396155,9.2879728,yellow::yellow_diamond,2024-11-22 15:07:04
8733511,Hochrugg - Bergwald,47.1408564,9.2749835,yellow::yellow_diamond,2024-11-22 15:07:04
8733512,Hochrugg - Tschingla,47.1455253,9.2751003,red:white:red_bar,2024-11-22 15:07:04
8733513,Hochrugg - Tschingla,47.1450831,9.2794948,blue:white:blue_bar,2024-11-22 15:07:04
8733514,Schwaldis - Hochrugg,47.1425057,9.2551103,yellow::yellow_diamond,2024-11-22 15:07:04
8757091,Steintobel - Mittler Sonderi,47.1254712,8.4221136,yellow::yellow_diamond,2024-11-22 15:07:04
8757096,Gisikon Root - Mittler Sonderi,47.1220548,8.4048785,yellow::yellow_diamond,2024-11-22 15:07:04
8782443,Haltikon - Udligenswil,47.0931573,8.4081688,yellow::yellow_diamond,2024-11-22 15:07:04
8782451,Wagenmoos - Stegmatt,47.077344,8.3923495,yellow::yellow_diamond,2024-11-22 15:07:04
8782452,Stegmatt - Götzental,47.0849247,8.3847161,yellow::yellow_diamond,2024-11-22 15:07:04
8834881,Landhus - Böschenrot,47.1158774,8.4655835,yellow::yellow_diamond,2024-11-22 15:07:04
8834889,Brüglen - Landhaus,47.1243672,8.4572259,yellow::yellow_diamond,2024-11-22 15:07:04
8834891,Ibikon- Breitfeld,47.1327816,8.442486,yellow::yellow_diamond,2024-11-22 15:07:04
8834892,Ibikon- Auleten,47.1339833,8.4424731,yellow::yellow_diamond,2024-11-22 15:07:04
8835911,Altenalp - Schäfler,47.2740047,9.3905588,red:white:red_bar,2024-11-22 15:07:04
8835939,Wildkirchli - Äscher,47.2838876,9.4148135,red:white:red_bar,2024-11-22 15:07:04
8836077,Bellisweid - Bommen,47.2943784,9.4206518,yellow::yellow_diamond,2024-11-22 15:07:04
8840266,Stilli - Höhwald,46.8185417,9.8553992,yellow::yellow_diamond,2024-11-22 15:07:04
8840281,Davoser See - Bad,46.8150401,9.8493325,yellow::yellow_diamond,2024-11-22 15:07:04
8852119,Merlischachen - Forenmoos,47.0707401,8.4052768,yellow::yellow_diamond,2024-11-22 15:07:04
8852122,Küssnacht - Hohle Gasse,47.0872538,8.4425677,yellow::yellow_diamond,2024-11-22 15:07:04
8852123,Küssnacht - St. Martin,47.0938754,8.4427495,yellow::yellow_diamond,2024-11-22 15:07:04
8852129,Meierskappel - Küssnacht,47.1040191,8.4386503,yellow::yellow_diamond,2024-11-22 15:07:04
8852130,Haltikon - Tal,47.0949108,8.4274306,yellow::yellow_diamond,2024-11-22 15:07:04
8852132,Teufried - Sunnehöfli,47.0829019,8.4138486,yellow::yellow_diamond,2024-11-22 15:07:04
8852142,Stube - Lätten,47.0758237,8.3554143,yellow::yellow_diamond,2024-11-22 15:07:04
8852147,Adligenswil - Sonnmatt,47.0655948,8.356307,yellow::yellow_diamond,2024-11-22 15:07:04
8884652,Regensdorf - Glaubeneich,47.4260848,8.4659495,yellow::yellow_diamond,2024-11-22 15:07:04
8884654,Watt - Bösbuck,47.4497217,8.4719388,yellow::yellow_diamond,2024-11-22 15:07:04
8884668,Grünwald - Glaubeneich,47.4191347,8.4743199,yellow::yellow_diamond,2024-11-22 15:07:04
8884669,Waidberg - Grünwald,47.4097781,8.5000643,yellow::yellow_diamond,2024-11-22 15:07:04
8884682,Regensdorf Bahnhof - Regensdorf,47.4335707,8.4692307,yellow::yellow_diamond,2024-11-22 15:07:04
8889992,Scheidegg - Meggen Zentrum,47.0540891,8.3681411,yellow::yellow_diamond,2024-11-22 15:07:04
8889993,Meggerwald - Tschädigen,47.0616271,8.3782445,yellow::yellow_diamond,2024-11-22 15:07:04
8890000,Buchmatt - Tschädigen,47.0561611,8.3721089,yellow::yellow_diamond,2024-11-22 15:07:04
8890002,Meggen Schulhaus - Meggen Schiffstazion,47.0464416,8.3779086,yellow::yellow_diamond,2024-11-22 15:07:04
8890003,Meggen Zentrum - Meggen Schiffstazion,47.0445988,8.3770294,yellow::yellow_diamond,2024-11-22 15:07:04
8890004,Meggen - Meggen Zentrum,47.0462145,8.37383,yellow::yellow_diamond,2024-11-22 15:07:04
8890005,Meggen - Buchmatt,47.0483989,8.3653037,yellow::yellow_diamond,2024-11-22 15:07:04
8894900,Unterterzen-Walenstadt,47.1166872,9.2835345,yellow::yellow_diamond,2024-11-22 15:07:04
8908529,Unterlöchli - Lamperdingen,47.0674006,8.3265666,yellow::yellow_diamond,2024-11-22 15:07:04
9027595,Talacheren - Chessel,46.8842856,8.7080981,red:white:red_bar,2024-11-22 15:07:04
9038869,Vorder Wissenboden - Stelli,46.9034693,8.7101779,red:white:red_bar,2024-11-22 15:07:04
9038937,Muotathal Hinterthal - fixme,46.9704805,8.7691603,red:white:red_bar,2024-11-22 15:07:04
9038938,Alt Stäfeli - fixme,46.938385,8.7760998,red:white:red_bar,2024-11-22 15:07:04
9038939,Liplisbüel - Muotathal Hinterthal,46.9579269,8.7718175,red:white:red_bar,2024-11-22 15:07:04
9038940,Alt Stäfeli - Liplisbüel,46.9454663,8.7686927,red:white:red_bar,2024-11-22 15:07:04
9046525,Tamins Post - Trin,46.8221142,9.3834575,red:white:red_bar,2024-11-22 15:07:04
9046526,Reichenau-Tamins - Tamins Post,46.825368,9.4100043,yellow::yellow_diamond,2024-11-22 15:07:04
9046693,Brücke Versamer Tobel - Versam,46.7925277,9.3407197,red:white:red_bar,2024-11-22 15:07:04
9058767,Rne. Friedberg - Meilen Dorfbach,47.2755257,8.6404567,yellow::yellow_diamond,2024-11-22 15:07:04
9060572,Römerholz Rundweg,47.5167052,8.7391596,yellow::yellow_diamond,2024-11-22 15:07:04
9060588,Kyburgerbrugg - Sennhof,47.465257,8.7522612,yellow::yellow_diamond,2024-11-22 15:07:04
9087690,Nieder-Steinmaur - Storchensiedlung,47.4914752,8.4518236,yellow::yellow_diamond,2024-11-22 15:07:04
9087712,Hand - Buchs,47.4614636,8.4430767,yellow::yellow_diamond,2024-11-22 15:07:04
9087713,Hand - Regensberg,47.472908,8.4436838,yellow::yellow_diamond,2024-11-22 15:07:04
9097179,Waldburg Station - Waltikon,47.3401412,8.6052524,yellow::yellow_diamond,2024-11-22 15:07:04
9109268,Kleinwangen - Ibenmoos,47.1987886,8.3041282,yellow::yellow_diamond,2024-11-22 15:07:04
9132096,Dietlikon - Kloten,47.4344279,8.6006638,yellow::yellow_diamond,2024-11-22 15:07:04
9168369,Giswil - Giglen/Wilen,46.8596986,8.2016379,yellow::yellow_diamond,2024-11-22 15:07:04
9168372,Sarnen - Langis,46.8924206,8.2361397,yellow::yellow_diamond,2024-11-22 15:07:04
9170887,Dallenwil - Rinderalp,46.9415257,8.3888454,yellow::yellow_diamond,2024-11-22 15:07:04
9181898,Regensdorf Bahnhof - Höngg,47.4192185,8.485886,yellow::yellow_diamond,2024-11-22 15:07:04
9198260,Vie Storiche Monte Moro Saas Almagell,46.0460068,7.9673694,red:white:red_bar,2024-11-22 15:07:04
9218560,Riffigweier - Schluche,47.0828096,8.2609395,yellow::yellow_diamond,2024-11-22 15:07:04
9218561,Erlen - Emmenbrücke,47.0739012,8.2696745,yellow::yellow_diamond,2024-11-22 15:07:04
9218562,Rothenburg Dorf SBB - Riffigweier,47.0901187,8.2709165,yellow::yellow_diamond,2024-11-22 15:07:04
9244580,Boppelsen - Eggetsacher,47.4750171,8.3916836,yellow::yellow_diamond,2024-11-22 15:07:04
9244589,Boppelsen - Otelfingen,47.4666795,8.3951903,yellow::yellow_diamond,2024-11-22 15:07:04
9258616,Buchs - Pfaffenbühl,47.4608607,8.4325264,yellow::yellow_diamond,2024-11-22 15:07:04
9258617,Buchs Dällikon Bahnhof - Buchs,47.4563419,8.4362061,yellow::yellow_diamond,2024-11-22 15:07:04
9258618,Dällikon - Buchs-Dällikon Bahnhof,47.4464771,8.4382578,yellow::yellow_diamond,2024-11-22 15:07:04
9258619,Weiningen - Dällikon,47.4297714,8.4402855,yellow::yellow_diamond,2024-11-22 15:07:04
9258629,Otelfingen - Buchs,47.4600657,8.4114806,yellow::yellow_diamond,2024-11-22 15:07:04
9258656,Otelfingen Bahnhof - Dänikon,47.4505863,8.3976579,yellow::yellow_diamond,2024-11-22 15:07:04
9258657,Otelfingen - Otelfingen Bahnhof,47.4587789,8.3884703,yellow::yellow_diamond,2024-11-22 15:07:04
9258705,Dänikon - Altberg,47.4409144,8.4103383,yellow::yellow_diamond,2024-11-22 15:07:04
9258717,Hand - Pfaffenbühl,47.4642466,8.4405545,yellow::yellow_diamond,2024-11-22 15:07:04
9290808,Oberchamm - ?,47.2967308,9.0051156,yellow::yellow_diamond,2024-11-22 15:07:04
9290809,Chamm - Oberchamm,47.2964555,8.9965073,yellow::yellow_diamond,2024-11-22 15:07:04
9290810,Chrüzegg Nord - ?,47.3019685,9.012783,yellow::yellow_diamond,2024-11-22 15:07:04
9290812,Schwämmli West - Chengelboden,47.2993623,9.0226143,yellow::yellow_diamond,2024-11-22 15:07:04
9290817,Chrüzegg Nord - Chrüzegg,47.2989234,9.014651,yellow::yellow_diamond,2024-11-22 15:07:04
9290819,Untere Alpli - ?,47.3173959,9.0374513,yellow::yellow_diamond,2024-11-22 15:07:04
9290820,Untere Alpli - Schönenboden,47.3165602,9.0369041,yellow::yellow_diamond,2024-11-22 15:07:04
9290821,Ober Loh - ?,47.3250984,9.0298469,yellow::yellow_diamond,2024-11-22 15:07:04
9360484,Rafz - Wil,47.6097666,8.5239244,yellow::yellow_diamond,2024-11-22 15:07:04
9360502,Wil - Hüntwangen,47.6002945,8.500509,yellow::yellow_diamond,2024-11-22 15:07:04
9360523,Wasterkingen - Bergheim,47.5953437,8.4681443,yellow::yellow_diamond,2024-11-22 15:07:04
9360529,Bergheim - Forsthütte,47.6016742,8.4720402,yellow::yellow_diamond,2024-11-22 15:07:04
9360530,Forsthütte - Wasterkingen,47.5964441,8.4773196,yellow::yellow_diamond,2024-11-22 15:07:04
9360540,Hüntwangen - Amphitheater,47.5926766,8.4959387,yellow::yellow_diamond,2024-11-22 15:07:04
9383417,Wüesthöchi - Asp,47.3500926,7.79831,yellow::yellow_diamond,2024-11-22 15:07:04
9383593,Balsthal Station - Balsthal,47.3140704,7.6973439,yellow::yellow_diamond,2024-11-22 15:07:04
9383789,Oberried Nord - Nieschbord,46.3571236,8.0208638,yellow::yellow_diamond,2024-11-22 15:07:04
9383790,Luftbahnstation Ried-Mörel - Nieschbord,46.3581722,8.027816,yellow::yellow_diamond,2024-11-22 15:07:04
9404963,Gareida - San Bernardino,46.4655615,9.1905893,red:white:red_bar,2024-11-22 15:07:04
9405173,Gareida - Bosch di Pescion - San Bernardino,46.4704924,9.1918128,red:white:red_bar,2024-11-22 15:07:04
9405188,San Bernardino - ?,46.4673358,9.1938543,red:white:red_bar,2024-11-22 15:07:04
9405337,Ancubona - Alp de Pian Doss,46.4579028,9.2022239,red:white:red_bar,2024-11-22 15:07:04
9405377,Lagh Doss - ?,46.4500636,9.2036399,red:white:red_bar,2024-11-22 15:07:04
9405378,Lagh Doss - ?,46.4510253,9.2021214,red:white:red_bar,2024-11-22 15:07:04
9405379,Lagh Doss - Alp de Pian Doss,46.4522599,9.2059521,red:white:red_bar,2024-11-22 15:07:04
9405390,Ancubona - ?,46.4603819,9.1956829,red:white:red_bar,2024-11-22 15:07:04
9405391,Alp de Pian Doss - ?,46.4360099,9.2172779,red:white:red_bar,2024-11-22 15:07:04
9424033,Hedingen - Weid,47.2905371,8.4551534,yellow::yellow_diamond,2024-11-22 15:07:04
9424034,Weid - Sunnenbüel,47.2783112,8.4671329,yellow::yellow_diamond,2024-11-22 15:07:04
9424036,Affoltern a. A. - Hedingen,47.2872866,8.4510424,yellow::yellow_diamond,2024-11-22 15:07:04
9424037,Affoltern a. A. - Sunnenbüel,47.2770721,8.4584959,yellow::yellow_diamond,2024-11-22 15:07:04
9435313,Kollbrunn Bhf. – Tüfels Chilen,47.461027,8.7880857,yellow::yellow_diamond,2024-11-22 15:07:04
9435414,Tüfels Chilen - Wolfbrunnen,47.4629015,8.8074404,yellow::yellow_diamond,2024-11-22 15:07:04
9435415,Wolfbrunnen – Hand,47.4597919,8.8289176,yellow::yellow_diamond,2024-11-22 15:07:04
9435498,Kollbrunn Bhf. – Rörlitobel,47.4603366,8.7922943,yellow::yellow_diamond,2024-11-22 15:07:04
9440874,Nöschikon - Eschenberg,47.4916612,8.4939895,yellow::yellow_diamond,2024-11-22 15:07:04
9440934,Niederglatt - Hofstetten,47.4856695,8.5067169,yellow::yellow_diamond,2024-11-22 15:07:04
9440938,Oberglatt Brücke - Oberglatt,47.4736405,8.5176304,yellow::yellow_diamond,2024-11-22 15:07:04
9440939,Oberglatt Brücke - Hofstetten,47.4816189,8.5165387,yellow::yellow_diamond,2024-11-22 15:07:04
9440973,Oberglatt Brücke - Pistenende,47.4815346,8.5267069,yellow::yellow_diamond,2024-11-22 15:07:04
9446905,Nuolen - Buechberg,47.2012025,8.9027583,yellow::yellow_diamond,2024-11-22 15:07:04
9447043,Buechberg - Bittchälen,47.2060275,8.9249213,yellow::yellow_diamond,2024-11-22 15:07:04
9451878,Benglen - Maur Schifflände,47.3503801,8.6558297,yellow::yellow_diamond,2024-11-22 15:07:04
9463668,Via dell' Arbola Tappa 2 - Dal Devero a Binn (tratto svizzero),46.372897,8.239775,red:white:red_bar,2024-11-22 15:07:04
9465874,Rigi Kulm - Dächli,47.050439,8.4999134,red:white:red_bar,2024-11-22 15:07:04
9465957,Alpnach Dorf - Winterhalten,46.9436829,8.2588441,yellow::yellow_diamond,2024-11-22 15:07:04
9465963,Winterhalten - Lütoldsmatt,46.949806,8.2334684,yellow::yellow_diamond,2024-11-22 15:07:04
9480111,Dietikon - Basi,47.401142,8.3996116,yellow::yellow_diamond,2024-11-22 15:07:04
9480112,Repischhof - Basi,47.3901829,8.3958056,yellow::yellow_diamond,2024-11-22 15:07:04
9480114,Niederurdorf - Lindenbüel,47.3901348,8.414001,yellow::yellow_diamond,2024-11-22 15:07:04
9480115,Oberurdorf - Niederurdorf,47.3861222,8.4208962,yellow::yellow_diamond,2024-11-22 15:07:04
9484753,Uerikon - Chatzentobel,47.2375409,8.7585847,yellow::yellow_diamond,2024-11-22 15:07:04
9484793,Feldbach - Langenriet,47.2417556,8.7807799,yellow::yellow_diamond,2024-11-22 15:07:04
9484819,Gubelgässli - ?,47.2418714,8.8104891,yellow::yellow_diamond,2024-11-22 15:07:04
9484822,Feldbach - Goldenberg,47.2406109,8.7868913,yellow::yellow_diamond,2024-11-22 15:07:04
9502194,Gsäss - Schauenburg,47.2365656,7.4467837,yellow::yellow_diamond,2024-11-22 15:07:04
9502421,Linden - Bildstock,47.4745051,8.4236732,yellow::yellow_diamond,2024-11-22 15:07:04
9502424,Mötschen - Bildstock,47.4728346,8.4215528,yellow::yellow_diamond,2024-11-22 15:07:04
9504223,Alp Scheidegg - Hüttchopf,47.3083158,8.9455699,yellow::yellow_diamond,2024-11-22 15:07:04
9504569,Alosen - Oberägeri,47.137772,8.6245645,yellow::yellow_diamond,2024-11-22 15:07:04
9504602,Bellevue - Charenboden,47.1550719,8.647054,yellow::yellow_diamond,2024-11-22 15:07:04
9504603,Charenboden - Abschwändi,47.1512941,8.6492083,yellow::yellow_diamond,2024-11-22 15:07:04
9505347,Unter Berg Sion - Schwarzholz,47.2450542,9.014616,yellow::yellow_diamond,2024-11-22 15:07:04
9506818,Bürersteig - Mandach,47.5381156,8.1768372,yellow::yellow_diamond,2024-11-22 15:07:04
9510540,Oberweningen - Lägernweid,47.4917375,8.4019515,yellow::yellow_diamond,2024-11-22 15:07:04
9510541,Oberweningen - Schliniker Platten,47.5059327,8.4048311,yellow::yellow_diamond,2024-11-22 15:07:04
9510542,Untersiggenthal - Steinenbüel,47.504363,8.2624878,yellow::yellow_diamond,2024-11-22 15:07:04
9513159,Orselina - Monti della Trinità,46.1747448,8.7910161,yellow::yellow_diamond,2024-11-22 15:07:04
9513204,Via Eco - ?,46.182577,8.7909131,red:white:red_bar,2024-11-22 15:07:04
9513205,Via Eco - Ronco di Bosco,46.182068,8.7976005,yellow::yellow_diamond,2024-11-22 15:07:04
9513206,Monti della Trinità - ?,46.1769009,8.7859952,red:white:red_bar,2024-11-22 15:07:04
9513207,Monti della Trinità - Via Eco,46.1766501,8.7882878,yellow::yellow_diamond,2024-11-22 15:07:04
9513239,Ronco di Bosco - ?,46.1873528,8.8036699,red:white:red_bar,2024-11-22 15:07:04
9513247,Tendrasca - Contra,46.1887791,8.8329707,yellow::yellow_diamond,2024-11-22 15:07:04
9513251,Ronco di Bosco - Capella rota,46.1861299,8.8117277,yellow::yellow_diamond,2024-11-22 15:07:04
9513310,Viona - ?,46.1925047,8.8220067,red:white:red_bar,2024-11-22 15:07:04
9513311,Viona - Monti di Lego,46.195683,8.8269744,red:white:red_bar,2024-11-22 15:07:04
9513374,Oberhofen - Gunten FIXME,46.7286238,7.6716922,yellow::yellow_diamond,2024-11-22 15:07:04
9514334,Erlenbach - Erlenbach Dorfbach,47.3043665,8.594432,yellow::yellow_diamond,2024-11-22 15:07:04
9514374,Erlenbach Dorfbach - Blüemlisalp,47.3032457,8.6069401,yellow::yellow_diamond,2024-11-22 15:07:04
9514454,Grüenfeld - Underi Rüti,47.2241731,8.8627323,yellow::yellow_diamond,2024-11-22 15:07:04
9514574,Wetzwil Kirche - Rütihof,47.3008894,8.6322991,yellow::yellow_diamond,2024-11-22 15:07:04
9514575,Rütihof - Forch,47.3152395,8.6470827,yellow::yellow_diamond,2024-11-22 15:07:04
9518366,Al Passo - ?,46.2022216,8.8346468,red:white:red_bar,2024-11-22 15:07:04
9518367,Monti di Lego - Al Passo,46.2006672,8.8330523,red:white:red_bar,2024-11-22 15:07:04
9518383,Ponte di Corippo - Bivio di Corippo,46.2405187,8.8442633,yellow::yellow_diamond,2024-11-22 15:07:04
9518384,Corippo - Ponte di Corippo,46.2383678,8.8421642,yellow::yellow_diamond,2024-11-22 15:07:04
9518387,Oviga - Oviga di Fuori,46.2565546,8.8385697,yellow::yellow_diamond,2024-11-22 15:07:04
9518430,Stavello - Odro,46.2262019,8.8769985,red:white:red_bar,2024-11-22 15:07:04
9518431,Colleta - ?,46.2201051,8.8812098,red:white:red_bar,2024-11-22 15:07:04
9518432,Colletta - Stavello,46.2227733,8.871221,red:white:red_bar,2024-11-22 15:07:04
9518434,Vogorno - Auto Postale,46.222324,8.8583876,yellow::yellow_diamond,2024-11-22 15:07:04
9518435,Vogorno - S. Bartolomeo,46.2273475,8.8526683,yellow::yellow_diamond,2024-11-22 15:07:04
9521136,Costapiana - Corte Nuovo,46.2258005,8.8653417,red:white:red_bar,2024-11-22 15:07:04
9521337,Bivio Piee - Ganne bus,46.2882763,8.7982732,yellow::yellow_diamond,2024-11-22 15:07:04
9521338,Ganne bus - Ganne,46.2836372,8.7996571,yellow::yellow_diamond,2024-11-22 15:07:04
9521339,Ganne - Motta,46.2790949,8.8039289,yellow::yellow_diamond,2024-11-22 15:07:04
9521340,Motta - Piano,46.2703999,8.8145825,yellow::yellow_diamond,2024-11-22 15:07:04
9530909,Ritzenmatt - Hohnegg,46.8905372,8.1536463,yellow::yellow_diamond,2024-11-22 15:07:04
9530910,Hohnegg - Langis,46.8901939,8.1369076,yellow::yellow_diamond,2024-11-22 15:07:04
9530911,Ochsenalp - Langis,46.8903668,8.1293753,red:white:red_bar,2024-11-22 15:07:04
9533456,Lorentino - ?,46.3208836,8.8030096,yellow::yellow_diamond,2024-11-22 15:07:04
9546277,Zollikon (Schiffstation) - Zollikon (Bahnhof),47.3383515,8.5686164,yellow::yellow_diamond,2024-11-22 15:07:04
9546278,Zollikon - Zollikerberg,47.3409072,8.5872774,yellow::yellow_diamond,2024-11-22 15:07:04
9550964,Castello Sasso Carbaro - Artore,46.1892635,9.0331221,red:white:red_bar,2024-11-22 15:07:04
9551196,Artore - Pian Laghetto,46.1899415,9.0363102,red:white:red_bar,2024-11-22 15:07:04
9551197,Daro Passerella - Artore,46.1930228,9.0321264,red:white:red_bar,2024-11-22 15:07:04
9564350,Kilchberg Spital - Sood Oberleimbach,47.3191566,8.5283761,yellow::yellow_diamond,2024-11-22 15:07:04
9570433,Nidelbad - Wildpark Höfli,47.301068,8.5422228,yellow::yellow_diamond,2024-11-22 15:07:04
9571913,Uster - Niederuster,47.3468814,8.7046333,yellow::yellow_diamond,2024-11-22 15:07:04
9578021,Mülitäli Wildpark - Engelberg,47.3385771,7.9347745,yellow::yellow_diamond,2024-11-22 15:07:04
9578022,Olten - Mülitäli Wildpark,47.3461566,7.9161022,yellow::yellow_diamond,2024-11-22 15:07:04
9578025,Dulliken - Engelberg,47.3452979,7.9449979,yellow::yellow_diamond,2024-11-22 15:07:04
9578032,Distelberg - Gönert,47.374336,8.0556911,yellow::yellow_diamond,2024-11-22 15:07:04
9603285,Balisbrugg - Frueebueel,47.1105075,8.5344743,yellow::yellow_diamond,2024-11-22 15:07:04
9603286,Herrenwald - Balisbrugg,47.1064415,8.5299076,red:white:red_bar,2024-11-22 15:07:04
9610471,Ober Allmend - Dorfstrasse,47.1924306,8.5348157,yellow::yellow_diamond,2024-11-22 15:07:04
9628427,Rickenbach - Schlössli,47.3462184,7.8418093,yellow::yellow_diamond,2024-11-22 15:07:04
9628429,Olten - Rumpelweid,47.3555111,7.8867158,yellow::yellow_diamond,2024-11-22 15:07:04
9647031,Feldmoos - Entlebuch,46.9898778,8.0764666,yellow::yellow_diamond,2024-11-22 15:07:04
9649768,Baden - Spittelau,47.4644933,8.3041767,yellow::yellow_diamond,2024-11-22 15:07:04
9649769,östliche Sennhof - Widenhau,47.4058709,8.3516715,yellow::yellow_diamond,2024-11-22 15:07:04
9649770,Egelsee - Widenhau,47.4036554,8.3584136,yellow::yellow_diamond,2024-11-22 15:07:04
9649773,Trubschachen Heimatmuseum - Trubschachen Bahnhof,46.9216925,7.8436707,yellow::yellow_diamond,2024-11-22 15:07:04
9652599,Erlen - Waldschlagchrütz,47.1310002,8.6512617,yellow::yellow_diamond,2024-11-22 15:07:04
9652750,Mangelihöche - Chnollenweid Sätteli,47.1533766,8.6158717,yellow::yellow_diamond,2024-11-22 15:07:04
9652751,Mangelhöhe - Usser Black,47.1578434,8.6281795,yellow::yellow_diamond,2024-11-22 15:07:04
9652821,Tobelmüli - Chüelenmorgen,47.3155639,8.6406057,yellow::yellow_diamond,2024-11-22 15:07:04
9664861,Wissenegg - Alpiliegg,46.9762584,8.1214402,yellow::yellow_diamond,2024-11-22 15:07:04
9664863,Stäfeli - Risetenegg,46.9705101,8.1615743,yellow::yellow_diamond,2024-11-22 15:07:04
9723518,Vallatscha - Alp Sampuoir,46.7639889,10.2087922,blue:white:blue_bar,2024-11-22 15:07:04
9723522,Susch - Lavin,46.7587622,10.0969985,yellow::yellow_diamond,2024-11-22 15:07:04
9734154,Bärentros,46.9780994,8.6435913,red:white:red_bar,2024-11-22 15:07:04
9734155,Morschach - Stoss,46.9828299,8.6413378,yellow::yellow_diamond,2024-11-22 15:07:04
9749475,Parkplatz Chrützli - Rathaus,47.0018749,9.5529287,red:white:red_bar,2024-11-22 15:07:04
9761885,Tschlin - Alp Tea,46.8845231,10.4366905,red:white:red_bar,2024-11-22 15:07:04
9791136,Hörnligübel,47.3712726,8.9380291,red:white:red_bar,2024-11-22 15:07:04
9815889,Spreitenbach - Egelsee,47.4110329,8.3609636,yellow::yellow_diamond,2024-11-22 15:07:04
9819630,Schönbüel - Breitenfeld,46.7885845,8.1040258,red:white:red_bar,2024-11-22 15:07:04
9819632,Sattelmatt - Turren,46.7876035,8.1260925,red:white:red_bar,2024-11-22 15:07:04
9826296,Ofeneggalp - Blaseflue,46.9296097,7.7004785,yellow::yellow_diamond,2024-11-22 15:07:04
9826297,Ofeneggalp - Hüslebach,46.9226142,7.7010528,yellow::yellow_diamond,2024-11-22 15:07:04
9844377,Goldbachbrügg - Buechboden,46.9867053,7.8949188,yellow::yellow_diamond,2024-11-22 15:07:04
9844379,Riedbad - Höchänzi,47.0099187,7.8940706,yellow::yellow_diamond,2024-11-22 15:07:04
9844381,Chuttelbad - Hinter Arni,47.021693,7.8565475,yellow::yellow_diamond,2024-11-22 15:07:04
9844383,Wasen i. E. - Vorderarni,47.0366126,7.8113846,yellow::yellow_diamond,2024-11-22 15:07:04
9844384,Wasen i. E. - Bärhegenchnübeli,47.0506934,7.7966879,yellow::yellow_diamond,2024-11-22 15:07:04
9844386,Dürrenroth - Guggli,47.0760993,7.7905139,yellow::yellow_diamond,2024-11-22 15:07:04
9897254,Mumpé Tujetsch - Mumpé Tujetsch Staziun,46.6828231,8.8254812,red:white:red_bar,2024-11-22 15:07:04
9900045,Auholz - Glattbrugg,47.4281034,8.5704327,yellow::yellow_diamond,2024-11-22 15:07:04
9907233,Oberhöri - Niederhöri,47.5066276,8.5021538,yellow::yellow_diamond,2024-11-22 15:07:04
9907234,Schlosswinkel - Pistenende,47.4735456,8.5305925,yellow::yellow_diamond,2024-11-22 15:07:04
9911212,Mänziwilegg - Walkringen,46.9525381,7.610765,yellow::yellow_diamond,2024-11-22 15:07:04
9911310,Walkringen-Nest,46.9307174,7.6249457,yellow::yellow_diamond,2024-11-22 15:07:04
9929090,Curaglia - Pali,46.6688534,8.855201,red:white:red_bar,2024-11-22 15:07:04
9929091,Pali - Mutschnengia,46.6678996,8.8483825,red:white:red_bar,2024-11-22 15:07:04
9929092,Mutschnengia - Curagila,46.6713346,8.8521061,red:white:red_bar,2024-11-22 15:07:04
9929148,Fontanivas - Salaplauna,46.6983047,8.8553901,yellow::yellow_diamond,2024-11-22 15:07:04
9934218,Sparenegg - Tal,47.0156041,7.7956247,yellow::yellow_diamond,2024-11-22 15:07:04
9934219,Sparenegg - Zueguet,47.0154778,7.8081303,yellow::yellow_diamond,2024-11-22 15:07:04
9934220,Wasen i. E. - Sänggli,47.0357662,7.792902,yellow::yellow_diamond,2024-11-22 15:07:04
9934221,Wasen i. E. - Schoneeg Dräjerhüsli,47.0497872,7.7903841,yellow::yellow_diamond,2024-11-22 15:07:04
9934222,Unter Tannen - Schoneeg Dräjerhüsli,47.0576326,7.7749266,yellow::yellow_diamond,2024-11-22 15:07:04
9934223,Dürrenroth - Unter Tannen,47.0745785,7.7761583,yellow::yellow_diamond,2024-11-22 15:07:04
9934224,Wyssachen - Dürrenroth,47.0860387,7.8082114,yellow::yellow_diamond,2024-11-22 15:07:04
9934226,Eriswil - Hitzenberg,47.079246,7.8582823,yellow::yellow_diamond,2024-11-22 15:07:04
9935204,Stadlerberg - Weiach,47.5463263,8.4438273,yellow::yellow_diamond,2024-11-22 15:07:04
9935406,Eggiwil - Heidbüehl,46.8742666,7.7976987,yellow::yellow_diamond,2024-11-22 15:07:04
9935409,Emmenmatt - Ramseisteg,46.9389062,7.7435367,yellow::yellow_diamond,2024-11-22 15:07:04
9935410,Ramseisteg-Emmenmatt,46.9727573,7.7325923,yellow::yellow_diamond,2024-11-22 15:07:04
9935674,Hülli - Blappach,46.8859274,7.8322021,yellow::yellow_diamond,2024-11-22 15:07:04
9937272,Trub - Fankhus,46.9550099,7.896288,yellow::yellow_diamond,2024-11-22 15:07:04
9938014,Centre de Sport - Staziun,46.7028258,8.8495094,yellow::yellow_diamond,2024-11-22 15:07:04
9938015,Centre de Sport - Acletta,46.7005989,8.8405876,yellow::yellow_diamond,2024-11-22 15:07:04
9938017,Sa Catrina - Clavaniev,46.7030463,8.8418579,yellow::yellow_diamond,2024-11-22 15:07:04
9938018,Petschna,46.7034675,8.8416206,yellow::yellow_diamond,2024-11-22 15:07:04
9963301,Eisenburg - Siebnen,47.1684392,8.8985853,yellow::yellow_diamond,2024-11-22 15:07:04
9963587,Grüt - Obernäten,47.15311,9.0748829,red:white:red_bar,2024-11-22 15:07:04
9965615,Blappach - Hegeloch,46.8960326,7.8171354,yellow::yellow_diamond,2024-11-22 15:07:04
9983723,Eielenwald-Hütte - Lienisberg-Höhe,47.1250514,8.5107071,yellow::yellow_diamond,2024-11-22 15:07:04
9983725,Lienisberg-Höhe - Ob. Horbach,47.1268477,8.5181864,yellow::yellow_diamond,2024-11-22 15:07:04
9983727,Ob. Horbach - Chellenweid,47.1299229,8.5207574,yellow::yellow_diamond,2024-11-22 15:07:04
9991020,Cresta See - Flims Waldhaus,46.8302927,9.303631,yellow::yellow_diamond,2024-11-22 15:07:04
10014541,Belp - Flugplatz Bern Belp - Fixme,46.8925455,7.4973597,yellow::yellow_diamond,2024-11-22 15:07:04
10014542,Flugplatz Bern Belp - Auguetbrügg,46.9163214,7.5007824,yellow::yellow_diamond,2024-11-22 15:07:04
10014545,Auguetbrügg - Kehrsatz - fixme,46.9206937,7.4946295,yellow::yellow_diamond,2024-11-22 15:07:04
10028992,Isr. Friedhof - Vogelsang,47.5361498,8.3164606,yellow::yellow_diamond,2024-11-22 15:07:04
10029033,Niederhöri - Höriberg,47.5102176,8.4991902,yellow::yellow_diamond,2024-11-22 15:07:04
10030903,Neerach (Post) - Neerach Postauto,47.5132702,8.4746711,yellow::yellow_diamond,2024-11-22 15:07:04
10031104,Chatzensee Strandbad - Gut Katzensee,47.4309125,8.4884826,yellow::yellow_diamond,2024-11-22 15:07:04
10036656,Hüpfenboden - Wingey,46.9147804,7.8145895,yellow::yellow_diamond,2024-11-22 15:07:04
10036657,Bärau - Mittler Stärberg,46.9253886,7.8092685,yellow::yellow_diamond,2024-11-22 15:07:04
10036662,Flüeacherbrücke - Moosbrücke,46.9333399,7.800374,yellow::yellow_diamond,2024-11-22 15:07:04
10039649,Mettlenalp-Napf (direkt),46.9990869,7.9396331,yellow::yellow_diamond,2024-11-22 15:07:04
10039657,Flüeberg - Beret - fixme,46.6773223,7.4815877,red:white:red_bar,2024-11-22 15:07:04
10039746,Ober Brunegg - Hochwacht,47.1513999,8.5425505,yellow::yellow_diamond,2024-11-22 15:07:04
10093248,Grossmattstollen - Bärneren - fixme,47.1043255,8.5533673,yellow::yellow_diamond,2024-11-22 15:07:04
10093251,Langmösli - Ochsenfeissi - fixme,47.1047087,8.5618413,yellow::yellow_diamond,2024-11-22 15:07:04
10093252,Langmösli - Heumoosegg,47.1005014,8.5568342,yellow::yellow_diamond,2024-11-22 15:07:04
10125298,Orgnana - Bruno,46.1439457,8.8653318,red:white:red_bar,2024-11-22 15:07:04
10147986,Räbrüti - Boden,47.1276846,8.5502457,yellow::yellow_diamond,2024-11-22 15:07:04
10186648,Seebach - Auholz,47.4204189,8.559908,yellow::yellow_diamond,2024-11-22 15:07:04
10189313,Zehntenhausplatz - Zürich Affoltern,47.4200181,8.506768,yellow::yellow_diamond,2024-11-22 15:07:04
10223170,Kappel - Bornchrüz,47.3163367,7.8540931,yellow::yellow_diamond,2024-11-22 15:07:04
10223174,Fulenbach - Murgenthal,47.2697793,7.8316477,yellow::yellow_diamond,2024-11-22 15:07:04
10223175,Egerkingen Bahnhof - Fulenbach,47.2945168,7.8143898,yellow::yellow_diamond,2024-11-22 15:07:04
10228062,Pistenende - Himmelbach,47.4756757,8.546552,yellow::yellow_diamond,2024-11-22 15:07:04
10228388,Himmelbach - Goldentor,47.4647183,8.5653382,yellow::yellow_diamond,2024-11-22 15:07:04
10245544,Oberuster - Aathal,47.340154,8.7506894,yellow::yellow_diamond,2024-11-22 15:07:04
10246050,Fällanden Rohr - Aschbach,47.3592662,8.6565572,yellow::yellow_diamond,2024-11-22 15:07:04
10271624,Gut Katzensee - Chatzenrüti,47.4347985,8.4951219,yellow::yellow_diamond,2024-11-22 15:07:04
10273151,Niederhöri - Jakobstal,47.5122604,8.5129513,yellow::yellow_diamond,2024-11-22 15:07:04
10278137,Haslibrunnen - Im Weier,47.218494,7.8047847,yellow::yellow_diamond,2024-11-22 15:07:04
10278138,Roggwil - Haslibrunnen,47.2257606,7.8162697,yellow::yellow_diamond,2024-11-22 15:07:04
10278141,Rothrist - Langholz,47.2952414,7.8754421,yellow::yellow_diamond,2024-11-22 15:07:04
10278616,Tannenweid – Hüttstall,47.4567974,8.8720794,yellow::yellow_diamond,2024-11-22 15:07:04
10278620,Illtishusen - Ettenhausen,47.4749888,8.8905384,yellow::yellow_diamond,2024-11-22 15:07:04
10278621,Ettenhausen - Rüetschberg - fixme,47.4717838,8.8935107,yellow::yellow_diamond,2024-11-22 15:07:04
10278622,Ettenhausen - Bus,47.4781057,8.8966604,yellow::yellow_diamond,2024-11-22 15:07:04
10278623,Ettenhausen - Aadorf,47.4844167,8.8951031,yellow::yellow_diamond,2024-11-22 15:07:04
10281760,Aurüti-Tannen,47.3245473,8.9300569,yellow::yellow_diamond,2024-11-22 15:07:04
10282891,Lorenchopf - Weierholz,47.3691381,8.5934915,yellow::yellow_diamond,2024-11-22 15:07:04
10282892,Adlisberg - Weierholz,47.37083,8.5894253,yellow::yellow_diamond,2024-11-22 15:07:04
10284684,Vorderadlisberg - Hinteradlisberg,47.3753909,8.5876328,yellow::yellow_diamond,2024-11-22 15:07:04
10284994,Dolderbahn - Dolder,47.3745518,8.5761991,yellow::yellow_diamond,2024-11-22 15:07:04
10284995,Dolderbahn - Degenried,47.3706345,8.5767601,yellow::yellow_diamond,2024-11-22 15:07:04
10294669,Gerlisberg - Hinterbänikon,47.4717015,8.6107867,yellow::yellow_diamond,2024-11-22 15:07:04
10294672,Gerlisberg - Obholz,47.4637032,8.6213632,yellow::yellow_diamond,2024-11-22 15:07:04
10296919,Nägelimoos - Gerlisberg,47.4638596,8.601341,yellow::yellow_diamond,2024-11-22 15:07:04
10305071,In den Bächen - Maitlischritt Hütte,47.1331364,8.515312,yellow::yellow_diamond,2024-11-22 15:07:04
10305072,Maitlischritt Hütte - Winterstein - fixme,47.1298137,8.5101244,yellow::yellow_diamond,2024-11-22 15:07:04
10315321,Hakab - Kleinikon,47.4542802,8.6727498,yellow::yellow_diamond,2024-11-22 15:07:04
10315322,Nürensdorf - Hakab,47.4487449,8.6546206,yellow::yellow_diamond,2024-11-22 15:07:04
10318067,Freudwil - Fehraltorf,47.3812842,8.7418404,yellow::yellow_diamond,2024-11-22 15:07:04
10318068,Hooggen - Freudwil,47.374218,8.7332131,yellow::yellow_diamond,2024-11-22 15:07:04
10318503,Freudwil - Bisikon,47.3936267,8.7151001,yellow::yellow_diamond,2024-11-22 15:07:04
10327537,Greifensee - Werrikon,47.3648388,8.6878698,yellow::yellow_diamond,2024-11-22 15:07:04
10328318,Aathal - Medikon,47.3301424,8.7767072,yellow::yellow_diamond,2024-11-22 15:07:04
10344428,Detschwingen - Herrenholz,47.3538031,8.6202617,yellow::yellow_diamond,2024-11-22 15:07:04
10345907,Sonnhalde - Chrästel,47.4556336,8.4573306,yellow::yellow_diamond,2024-11-22 15:07:04
10354750,Wynau Kraftwerk - Far,47.2614997,7.790971,yellow::yellow_diamond,2024-11-22 15:07:04
10354751,Wynau - Wynau Kraftwerk,47.2554705,7.8001616,yellow::yellow_diamond,2024-11-22 15:07:04
10354752,Aarwangen - Wynau,47.2488322,7.792542,yellow::yellow_diamond,2024-11-22 15:07:04
10358879,Mötschen - Linden,47.4721486,8.425796,yellow::yellow_diamond,2024-11-22 15:07:04
10367124,Regensberg - Dielsdorf,47.4833021,8.4474829,yellow::yellow_diamond,2024-11-22 15:07:04
10377548,Rheinsfelden - Glattfelden,47.5674544,8.4879686,yellow::yellow_diamond,2024-11-22 15:07:04
10377550,Zweidlen (Station) - Rheinsfelden,47.5727107,8.472447,yellow::yellow_diamond,2024-11-22 15:07:04
10380994,Brueder - Husacher,47.5029134,8.566775,yellow::yellow_diamond,2024-11-22 15:07:04
10381303,Husacher - Embrach Oberdorf,47.5013678,8.5841722,yellow::yellow_diamond,2024-11-22 15:07:04
10381304,Embrach Oberdorf - Embrach Oberdorf Bus,47.5024921,8.5942402,yellow::yellow_diamond,2024-11-22 15:07:04
10381306,Ober Mettmenstetten - Embrach Oberdorf Bus,47.5004171,8.6183659,yellow::yellow_diamond,2024-11-22 15:07:04
10383027,Nägelimoos - Hinterbänikon,47.4698242,8.5985238,yellow::yellow_diamond,2024-11-22 15:07:04
10383668,Hinterbänikon - Lufingen,47.484397,8.6019102,yellow::yellow_diamond,2024-11-22 15:07:04
10383669,Oberembrach - Gerlisberg,47.4758846,8.6197471,yellow::yellow_diamond,2024-11-22 15:07:04
10391605,Tössegg - Tössegg Schiffsteg,47.551426,8.5549966,yellow::yellow_diamond,2024-11-22 15:07:04
10391607,Wagenbrechi - Tössegg Schiffsteg,47.5504473,8.5525616,yellow::yellow_diamond,2024-11-22 15:07:04
10391608,Nussbaumen - Petersboden,47.535418,8.5570359,yellow::yellow_diamond,2024-11-22 15:07:04
10391610,Tössegg Schiffsteg - Murkathof,47.5531421,8.5571994,yellow::yellow_diamond,2024-11-22 15:07:04
10394932,Festung Ebersberg - Tüfels Chanzle,47.5727748,8.5769028,yellow::yellow_diamond,2024-11-22 15:07:04
10394933,Tüfels Chanzle - Aussichtspunkt,47.5730326,8.5754362,yellow::yellow_diamond,2024-11-22 15:07:04
10395480,Wagenbrechi - Rhinsberg Hochwacht,47.5537543,8.5435323,yellow::yellow_diamond,2024-11-22 15:07:04
10395482,Wagenbrechi - Tössriederen,47.5558338,8.5468736,yellow::yellow_diamond,2024-11-22 15:07:04
10400607,Eglisau Schifflände - Oberriet,47.573214,8.5336269,yellow::yellow_diamond,2024-11-22 15:07:04
10406849,Rafzerstein - Lottstetten,47.6265229,8.5554733,yellow::yellow_diamond,2024-11-22 15:07:04
10407019,Nack - Ellikon am Rhein,47.6067058,8.586586,yellow::yellow_diamond,2024-11-22 15:07:04
10416105,Schürlibuck - Berwangen,47.6213585,8.5129519,yellow::yellow_diamond,2024-11-22 15:07:04
10416520,Flüestig - Wil,47.6065821,8.5047058,yellow::yellow_diamond,2024-11-22 15:07:04
10418991,Amphitheater - Wasterkingen,47.5885076,8.4861028,yellow::yellow_diamond,2024-11-22 15:07:04
10479008,Melide - Carona,45.9568487,8.9419779,red:white:red_bar,2024-11-22 15:07:04
10492272,Oberbuchsiten - Dorfplatz,47.3088496,7.7683373,yellow::yellow_diamond,2024-11-22 15:07:04
10523941,Ghöchweid - Sunnenhof,47.3414138,8.8999356,yellow::yellow_diamond,2024-11-22 15:07:04
10534120,Münchenstein Bahnhof - Münchenstein,47.5125513,7.6182864,yellow::yellow_diamond,2024-11-22 15:07:04
10534123,Burg Reichenstein - Spitalholz - fixme,47.5013105,7.6282007,yellow::yellow_diamond,2024-11-22 15:07:04
10534124,Burg Reichenstein - Gstüd Ränggersmatt,47.4969836,7.6381744,yellow::yellow_diamond,2024-11-22 15:07:04
10534126,Gstüd Ränggersmatt - Eichmatt,47.4971348,7.648288,yellow::yellow_diamond,2024-11-22 15:07:04
10534136,Talbach - Pratteln Tramstation,47.5177886,7.6935942,yellow::yellow_diamond,2024-11-22 15:07:04
10572933,Ebmatingen - Süessblätz,47.3493787,8.6371706,yellow::yellow_diamond,2024-11-22 15:07:04
10574515,Hütten - Bus,47.1756202,8.6621963,yellow::yellow_diamond,2024-11-22 15:07:04
10574517,Hütten - Hüttner Brugg,47.1735075,8.6640626,yellow::yellow_diamond,2024-11-22 15:07:04
10574518,Hütten - Finsterseebrugg - fixme,47.1723009,8.6519265,yellow::yellow_diamond,2024-11-22 15:07:04
10574519,Hüttner Brugg - Finstersee - fixme,47.1702578,8.6480636,yellow::yellow_diamond,2024-11-22 15:07:04
10574523,Widenwald - Gottschalkenberg Waldstr. - fixme,47.160437,8.6527926,yellow::yellow_diamond,2024-11-22 15:07:04
10574524,Widenwald - Greit Höhe,47.1629307,8.645009,yellow::yellow_diamond,2024-11-22 15:07:04
10574525,Greit Höhe - Finstersee,47.163226,8.6369007,yellow::yellow_diamond,2024-11-22 15:07:04
10574526,Greit Höhe - Bellevue,47.160078,8.6474652,yellow::yellow_diamond,2024-11-22 15:07:04
10577865,Forch - Wehrmännerdenkmal,47.326478,8.6491017,yellow::yellow_diamond,2024-11-22 15:07:04
10577966,Trichtenhusen - Wehrmännerdenkmal,47.3391826,8.6249607,yellow::yellow_diamond,2024-11-22 15:07:04
10633749,Weiach - Kaiserstuhl,47.5637136,8.4275875,yellow::yellow_diamond,2024-11-22 15:07:04
10642031,Hochfelden - Stadel,47.5300985,8.4910915,yellow::yellow_diamond,2024-11-22 15:07:04
10645730,Leuenchopf - Zweidlen,47.559686,8.459031,yellow::yellow_diamond,2024-11-22 15:07:04
10645731,Weiach - Leuenchopf,47.5579187,8.4449207,yellow::yellow_diamond,2024-11-22 15:07:04
10645732,Windlach - Zweidlen,47.5503016,8.46719,yellow::yellow_diamond,2024-11-22 15:07:04
10646430,Egg - Schliniker Platten,47.5090375,8.4230252,yellow::yellow_diamond,2024-11-22 15:07:04
10646431,Schliniker Platten - Wattwil,47.5190566,8.4022856,yellow::yellow_diamond,2024-11-22 15:07:04
10646432,Waldhusen - Wattwil,47.5335716,8.4029548,yellow::yellow_diamond,2024-11-22 15:07:04
10646597,Mulflenflue - Egg,47.5178121,8.4295058,yellow::yellow_diamond,2024-11-22 15:07:04
10646598,Rüeblisberg - Mulflenflue,47.5326898,8.4125487,yellow::yellow_diamond,2024-11-22 15:07:04
10646599,Waldhusen - Rüebisberg,47.5383826,8.4057352,yellow::yellow_diamond,2024-11-22 15:07:04
10648999,Waldhusen - Kaiserstuhl Bahnhof,47.553789,8.4102717,yellow::yellow_diamond,2024-11-22 15:07:04
10649000,Rütihof - Waldhusen,47.5352538,8.3991502,yellow::yellow_diamond,2024-11-22 15:07:04
10649742,Hochfelden - Glattfelden,47.5416558,8.5058499,yellow::yellow_diamond,2024-11-22 15:07:04
10650170,Rheinsfelden Schiff - Rheinsfelden,47.5759959,8.4761933,yellow::yellow_diamond,2024-11-22 15:07:04
10650500,Freienstein - Blindensteg,47.5272367,8.5977236,yellow::yellow_diamond,2024-11-22 15:07:04
10650501,Rorbas - Tössegg Schiffsteg,47.5406694,8.5671972,yellow::yellow_diamond,2024-11-22 15:07:04
10650616,Hardau - Blindensteg,47.5198305,8.6444451,yellow::yellow_diamond,2024-11-22 15:07:04
10657935,Thurspitz - Thurhau,47.5951121,8.6012693,yellow::yellow_diamond,2024-11-22 15:07:04
10657936,Thurspitz Aussichtspunkt - Thurspitz,47.5951486,8.5932612,yellow::yellow_diamond,2024-11-22 15:07:04
10659248,Desibach - Ober Buch am Irchel,47.5497037,8.6331838,yellow::yellow_diamond,2024-11-22 15:07:04
10659639,Schartenflue - Oberhueb,47.5395888,8.6165429,yellow::yellow_diamond,2024-11-22 15:07:04
10659641,Ruine Freienstein,47.5336359,8.5886226,yellow::yellow_diamond,2024-11-22 15:07:04
10660860,Schartenflue - Rütelbuck,47.548416,8.5995484,yellow::yellow_diamond,2024-11-22 15:07:04
10661071,Dättlikon - Schartenflue,47.5370404,8.6116682,yellow::yellow_diamond,2024-11-22 15:07:04
10661379,Heerenbänkli Irchelturm - Dättlikon,47.5329126,8.6234976,yellow::yellow_diamond,2024-11-22 15:07:04
10666759,Pfungen - Talguet,47.5202441,8.6434621,yellow::yellow_diamond,2024-11-22 15:07:04
10667740,Pfungen - Embrach Unterdorf,47.5132773,8.6200712,yellow::yellow_diamond,2024-11-22 15:07:04
10669844,Pfungen - Oberembrach,47.5017392,8.6314774,yellow::yellow_diamond,2024-11-22 15:07:04
10670740,Neuburg - Berenberg Kloster,47.5016074,8.6709509,yellow::yellow_diamond,2024-11-22 15:07:04
10692445,Büel - Dieterswil (Umleitung bei Schiessbetrieb) - fixme,47.3011896,8.90817,yellow::yellow_diamond,2024-11-22 15:07:04
10692448,Gibswil - Fistel,47.3199767,8.9184745,yellow::yellow_diamond,2024-11-22 15:07:04
10715438,Dussnang - Vogelsang - fixme,47.4307865,8.961907,yellow::yellow_diamond,2024-11-22 15:07:04
10715439,Dussnang - Vordertaal - fixme,47.4278492,8.9633554,yellow::yellow_diamond,2024-11-22 15:07:04
10715440,Dussnang - Niederwies,47.4314301,8.9485543,yellow::yellow_diamond,2024-11-22 15:07:04
10715545,Sitzberg - Schmidrüti,47.4192801,8.9084272,yellow::yellow_diamond,2024-11-22 15:07:04
10715546,Schmidrüti - Truben,47.4112844,8.8959363,yellow::yellow_diamond,2024-11-22 15:07:04
10715547,Schmidrüti – Sternenberg,47.401023,8.9053853,yellow::yellow_diamond,2024-11-22 15:07:04
10715548,Truben - Wila,47.4125816,8.8681909,yellow::yellow_diamond,2024-11-22 15:07:04
10715855,Tablat – Chäfer,47.4127855,8.867213,yellow::yellow_diamond,2024-11-22 15:07:04
10723316,Chaflur - Martina,46.8754611,10.447708,yellow::yellow_diamond,2024-11-22 15:07:04
10723317,Strada - Chaflur,46.865527,10.4367881,yellow::yellow_diamond,2024-11-22 15:07:04
10723318,Las Rossas - Chaflur,46.8639341,10.43163,yellow::yellow_diamond,2024-11-22 15:07:04
10732392,Lindau - Breite,47.4509561,8.6690781,yellow::yellow_diamond,2024-11-22 15:07:04
10732900,Lindau - Brütten Bus,47.4570039,8.6724198,yellow::yellow_diamond,2024-11-22 15:07:04
10734853,Birchwil - Nürensdorf,47.4526741,8.6418977,yellow::yellow_diamond,2024-11-22 15:07:04
10734854,Gerlisberg - Birchwil,47.4618047,8.6250517,yellow::yellow_diamond,2024-11-22 15:07:04
10742730,Fischingen Kloster - Au - fixme,47.4070795,8.9629939,yellow::yellow_diamond,2024-11-22 15:07:04
10742737,Allenwinden - Hulftegg - fixme,47.379165,8.9500697,yellow::yellow_diamond,2024-11-22 15:07:04
10777736,Grüningen Haufland - Mönchaltorf,47.297337,8.7436917,yellow::yellow_diamond,2024-11-22 15:07:04
10778883,Grüningen - Grüningen Haufland,47.2827166,8.7626698,yellow::yellow_diamond,2024-11-22 15:07:04
10781315,Brand - Esslingen,47.2934607,8.7217039,yellow::yellow_diamond,2024-11-22 15:07:04
10782495,Limberg - Tobelmüli,47.318496,8.6311589,yellow::yellow_diamond,2024-11-22 15:07:04
10792379,Murgtal - Anetswil,47.4985371,8.9852377,yellow::yellow_diamond,2024-11-22 15:07:04
10792380,Chueweid - Anet,47.5028385,9.002397,yellow::yellow_diamond,2024-11-22 15:07:04
10792381,Sädel,47.4980419,9.0078518,yellow::yellow_diamond,2024-11-22 15:07:04
10796083,Dornach Bahnhof - Schlosshof,47.4848272,7.6215798,yellow::yellow_diamond,2024-11-22 15:07:04
10796084,Schlosshof - Schartenmatt,47.4813475,7.6370341,yellow::yellow_diamond,2024-11-22 15:07:04
10796663,Schartenflue - Stollenhäuser,47.4826592,7.6539798,yellow::yellow_diamond,2024-11-22 15:07:04
10796664,Gempen - Stollenhäuser,47.4818209,7.6601413,yellow::yellow_diamond,2024-11-22 15:07:04
10796665,Gempen - Seewen - fixme,47.4748532,7.6586065,yellow::yellow_diamond,2024-11-22 15:07:04
10796783,Nuglar - Bintal - fixme,47.4791056,7.705658,yellow::yellow_diamond,2024-11-22 15:07:04
10810565,Tourist Information - Landsgemeindeplatz,47.3309943,9.4087384,yellow::yellow_diamond,2024-11-22 15:07:04
10810566,Landsgemeindeplatz - Steig,47.3362542,9.4043159,yellow::yellow_diamond,2024-11-22 15:07:04
10810567,Steig - Schlepfen,47.3462213,9.4041273,yellow::yellow_diamond,2024-11-22 15:07:04
10824595,Weiertal - Ober Mettmenstetten,47.5009292,8.6539531,yellow::yellow_diamond,2024-11-22 15:07:04
10832438,? - Flamatt Sport,46.8919326,7.3128675,yellow::yellow_diamond,2024-11-22 15:07:04
10832440,Sensebrücke - Flamatt - fixme,46.8925742,7.3011031,yellow::yellow_diamond,2024-11-22 15:07:04
10876445,Kindhausen - Egelsee,47.398378,8.3666705,yellow::yellow_diamond,2024-11-22 15:07:04
10887803,Kyburgerbrugg - Kyburg,47.4596143,8.745493,yellow::yellow_diamond,2024-11-22 15:07:04
10924748,Diepflingen - Thürner Flue,47.4505837,7.8419049,yellow::yellow_diamond,2024-11-22 15:07:04
10924758,Zeglingen - Kilchberg,47.4225106,7.9009573,yellow::yellow_diamond,2024-11-22 15:07:04
10958962,Ifenthal- Trimbach,47.3701486,7.8667435,yellow::yellow_diamond,2024-11-22 15:07:04
10958963,Ifenthal- Ifenthal Kirche,47.3732487,7.8537595,yellow::yellow_diamond,2024-11-22 15:07:04
10958965,Hauenstein - Challhöchi,47.3736678,7.8531275,yellow::yellow_diamond,2024-11-22 15:07:04
10982440,Widisberg-Chabisbärg,47.0964261,7.7802587,yellow::yellow_diamond,2024-11-22 15:07:04
10986643,Färbergweid-Friesenberg,47.1022787,7.7285806,yellow::yellow_diamond,2024-11-22 15:07:04
10986650,Ursenbach-Bergwald,47.1252475,7.7673535,yellow::yellow_diamond,2024-11-22 15:07:04
10990088,Mühleweg-Otterbach,47.0892689,7.7471282,yellow::yellow_diamond,2024-11-22 15:07:04
10990089,Schmidigen-Otterbachegg,47.0901573,7.7375021,yellow::yellow_diamond,2024-11-22 15:07:04
10990090,Häcklige-Otterbachegg,47.0911809,7.7333478,yellow::yellow_diamond,2024-11-22 15:07:04
10990092,Friesenberg-Häcklige,47.097894,7.7304854,yellow::yellow_diamond,2024-11-22 15:07:04
10993687,Oensingen - Kestenholz,47.2776683,7.7321899,yellow::yellow_diamond,2024-11-22 15:07:04
10993688,Klus Station - Alt Falkenstein,47.3056896,7.6926187,yellow::yellow_diamond,2024-11-22 15:07:04
10993689,Thalbrücke - Klus,47.307884,7.6889917,yellow::yellow_diamond,2024-11-22 15:07:04
10993694,Känerkinden - Buckten,47.4106594,7.8401287,yellow::yellow_diamond,2024-11-22 15:07:04
10993695,Ober Diegten - Känerkinden,47.4085925,7.8224703,yellow::yellow_diamond,2024-11-22 15:07:04
11014465,Langenbruck - Helfenberg,47.3515816,7.7534439,yellow::yellow_diamond,2024-11-22 15:07:04
11014466,Langenbruck Rundweg,47.3459134,7.7596016,yellow::yellow_diamond,2024-11-22 15:07:04
11014469,Langenbruck - Ober Hauenstein,47.3503348,7.7661434,yellow::yellow_diamond,2024-11-22 15:07:04
11014564,Mümliswil - Oberberg,47.3349302,7.6979378,yellow::yellow_diamond,2024-11-22 15:07:04
11020462,Ambitzgiried - Wetzikon,47.309916,8.7969837,yellow::yellow_diamond,2024-11-22 15:07:04
11026172,Timmer Boden - Schartiängi,46.9982515,8.4497848,red:white:red_bar,2024-11-22 15:07:04
11026173,Schartiängi - Oberlee,46.9964852,8.4428711,red:white:red_bar,2024-11-22 15:07:04
11028564,Grüt - Berghof,47.3070627,8.7814676,yellow::yellow_diamond,2024-11-22 15:07:04
11028565,Wetzikon - Grüt,47.3150433,8.7890886,yellow::yellow_diamond,2024-11-22 15:07:04
11028941,Alt Hellberg - Berghof,47.3030416,8.7850023,yellow::yellow_diamond,2024-11-22 15:07:04
11028942,Ambitzgiried - Alt Hellberg,47.3010917,8.7978738,yellow::yellow_diamond,2024-11-22 15:07:04
11032718,Eptingen - Neuhaus,47.3760369,7.8194647,yellow::yellow_diamond,2024-11-22 15:07:04
11087964,Würzenmoos - Eigentalerhof,47.0080725,8.2177618,yellow::yellow_diamond,2024-11-22 15:07:04
11093418,Burgwis - Waldburg,47.3518275,8.5828489,yellow::yellow_diamond,2024-11-22 15:07:04
11104845,Ober-Baldingen - Baldingen Oberdorf Bus,47.5546143,8.3133088,yellow::yellow_diamond,2024-11-22 15:07:04
11132299,Quarten - Oberterzen,47.1051005,9.2486981,yellow::yellow_diamond,2024-11-22 15:07:04
11132389,Hägendorf Dorfplatz - Schluchtweg - fixme,47.3350598,7.8412074,yellow::yellow_diamond,2024-11-22 15:07:04
11133860,Pluder - Bergheim Vadella,47.1009856,9.3207629,yellow::yellow_diamond,2024-11-22 15:07:04
11133861,Walenstadt - Pluder,47.1115389,9.3253362,yellow::yellow_diamond,2024-11-22 15:07:04
11134719,Garschlu - Bad Ragaz,47.0089746,9.4633777,yellow::yellow_diamond,2024-11-22 15:07:04
11136966,Meienfeld - Jenins,47.0009952,9.5437707,yellow::yellow_diamond,2024-11-22 15:07:04
11136967,Meienfeld - Malans,46.9941256,9.5535495,yellow::yellow_diamond,2024-11-22 15:07:04
11136968,Fläsch - Meienfeld,47.0154994,9.5216306,yellow::yellow_diamond,2024-11-22 15:07:04
11136970,Bad Ragaz - Rheinau Brücke,47.0166051,9.5047473,yellow::yellow_diamond,2024-11-22 15:07:04
11137404,Goldenberg - Schwösterrain,47.244211,8.7979118,yellow::yellow_diamond,2024-11-22 15:07:04
11138841,Untervaz Bahnhof - Haldenstein Station,46.8975926,9.5443728,yellow::yellow_diamond,2024-11-22 15:07:04
11138842,Zizers RhB - Untervaz Bahnhof,46.9267345,9.5585104,yellow::yellow_diamond,2024-11-22 15:07:04
11138843,Igis RhB - Zizers RhB,46.9423821,9.5624016,yellow::yellow_diamond,2024-11-22 15:07:04
11138845,Igis - Zizers,46.9406751,9.5696796,yellow::yellow_diamond,2024-11-22 15:07:04
11138846,Ganda - Igis,46.9567265,9.5825486,yellow::yellow_diamond,2024-11-22 15:07:04
11138847,Felsenbach - Ganda,46.9715928,9.6010745,yellow::yellow_diamond,2024-11-22 15:07:04
11141118,Uetikon Brand - Uetikon Grossdorf,47.2705177,8.6783902,yellow::yellow_diamond,2024-11-22 15:07:04
11142333,Meilen - Uetikon Grossdorf,47.2683733,8.6602865,yellow::yellow_diamond,2024-11-22 15:07:04
11143776,Meilen Schiff - Meilen,47.2686461,8.6420249,yellow::yellow_diamond,2024-11-22 15:07:04
11144280,Brienzergratweg,46.7437238,7.9461816,blue:white:blue_bar:BGW:black,2024-11-22 15:07:04
11157692,Niederbipp Station - Niederbipp,47.2706369,7.6926016,yellow::yellow_diamond,2024-11-22 15:07:04
11157870,Zug Bahnhof - Chollermühli,47.1804949,8.5081576,yellow::yellow_diamond,2024-11-22 15:07:04
11159889,Baarburg - Höll,47.1954929,8.5625254,yellow::yellow_diamond,2024-11-22 15:07:04
11159890,Neuheim - Baarburg,47.2037699,8.5691792,yellow::yellow_diamond,2024-11-22 15:07:04
11159891,Josefsgütsch Rundwanderweg,47.2052848,8.5709601,yellow::yellow_diamond,2024-11-22 15:07:04
11159892,Baarburg - Baarburgrank,47.2029215,8.561638,yellow::yellow_diamond,2024-11-22 15:07:04
11159896,Schochenmühle - Baar,47.1929512,8.5115946,yellow::yellow_diamond,2024-11-22 15:07:04
11198211,Rotzingel - Gätterli,47.0118604,8.5449913,red:white:red_bar,2024-11-22 15:07:04
11198212,Rotzingel - Chäppeliberg - fixme,47.0065767,8.5404113,red:white:red_bar,2024-11-22 15:07:04
11198213,Gschwänd Talstation LSB - Buechgrindlen / Föhnenberg / Gersau- fixme,47.0121368,8.5403751,red:white:red_bar,2024-11-22 15:07:04
11199901,Rotenbaum - Zitistuegg,47.0624679,7.6894737,yellow::yellow_diamond,2024-11-22 15:07:04
11199993,Otterbach - Widisberg,47.0900515,7.7584042,yellow::yellow_diamond,2024-11-22 15:07:04
11199996,Otterbach - Chloster,47.0795964,7.7335915,yellow::yellow_diamond,2024-11-22 15:07:04
11199997,Otterbachegg - Chloster,47.0816667,7.7326406,yellow::yellow_diamond,2024-11-22 15:07:04
11200609,Vorderholz - Leimboden,47.0056533,7.7929885,yellow::yellow_diamond,2024-11-22 15:07:04
11200733,Längwald Staldenrain - fixme,47.2485646,7.6812839,yellow::yellow_diamond,2024-11-22 15:07:04
11200734,Längwald Staldenrain - Wangen an der Aare,47.2421386,7.6683036,yellow::yellow_diamond,2024-11-22 15:07:04
11200736,Walliswilsteg,47.2338997,7.6874299,yellow::yellow_diamond,2024-11-22 15:07:04
11200737,Walliswilsteg - Berkenbrücke,47.2331389,7.6971809,yellow::yellow_diamond,2024-11-22 15:07:04
11200860,Wil - Züberwangen,47.46287,9.0631069,yellow::yellow_diamond,2024-11-22 15:07:04
11202399,Schwarzenbach Bhf - Niederstetten,47.4476603,9.0771823,yellow::yellow_diamond,2024-11-22 15:07:04
11202533,fixme - Walterswil,47.1128987,7.7770257,yellow::yellow_diamond,2024-11-22 15:07:04
11202535,Feldmoos - Fiechten,47.116988,7.828945,yellow::yellow_diamond,2024-11-22 15:07:04
11202536,Fiechtenberg - Fiechten,47.1144494,7.8277979,yellow::yellow_diamond,2024-11-22 15:07:04
11202537,Rohrbach Bahnhof-fixme,47.1339311,7.8156014,yellow::yellow_diamond,2024-11-22 15:07:04
11202540,Wyssbach - Rohrbach Bahnhof,47.1435569,7.8242839,yellow::yellow_diamond,2024-11-22 15:07:04
11202541,fixme - Gitziloch,47.1403482,7.8136433,yellow::yellow_diamond,2024-11-22 15:07:04
11203041,Homberg - Spych,47.1543414,7.7097186,yellow::yellow_diamond,2024-11-22 15:07:04
11203042,Spych - fixme,47.1462631,7.7152456,yellow::yellow_diamond,2024-11-22 15:07:04
11203043,Bollodingen - Homberg,47.1643852,7.7131111,yellow::yellow_diamond,2024-11-22 15:07:04
11203045,Schnerzenbach - Wanntalhöchi,47.1376525,7.7216639,yellow::yellow_diamond,2024-11-22 15:07:04
11203046,Oschwand - Schnerzenbach,47.1413004,7.7149138,yellow::yellow_diamond,2024-11-22 15:07:04
11203047,Riedtwil - Oschwand,47.1394593,7.7070543,yellow::yellow_diamond,2024-11-22 15:07:04
11203051,Eggstutzwald - Pt 795,47.1169116,7.7325609,yellow::yellow_diamond,2024-11-22 15:07:04
11203053,Bergwald,47.1111124,7.7601105,yellow::yellow_diamond,2024-11-22 15:07:04
11203057,Höchi - Widisberg,47.1028333,7.7725705,yellow::yellow_diamond,2024-11-22 15:07:04
11203058,Bergwald - Egg,47.113985,7.7671579,yellow::yellow_diamond,2024-11-22 15:07:04
11203313,Stauffenbach - Ryschberg,47.1411077,7.7413392,yellow::yellow_diamond,2024-11-22 15:07:04
11203314,Stauffenbach - Wanntalhöchi,47.1415457,7.7290169,yellow::yellow_diamond,2024-11-22 15:07:04
11217771,RütschelenWil - Dornegg,47.163813,7.7612336,yellow::yellow_diamond,2024-11-22 15:07:04
11222366,Talbrücke - Wildenburg,47.1779034,8.5547798,yellow::yellow_diamond,2024-11-22 15:07:04
11222368,Allenwinden - Unter Brunegg,47.1595807,8.553735,yellow::yellow_diamond,2024-11-22 15:07:04
11231149,Chrinde - Ringoldswil - fixme,46.7337467,7.6903905,yellow::yellow_diamond,2024-11-22 15:07:04
11240272,Muntarütsch - Samedan Staziun,46.5376634,9.8748143,red:white:red_bar,2024-11-22 15:07:04
11240289,Crap da Sass - Ova dal Sagl (Wasserfall),46.4548741,9.8073931,red:white:red_bar,2024-11-22 15:07:04
11244974,Peidra Grossa - Cristolais,46.5308723,9.8559883,red:white:red_bar,2024-11-22 15:07:04
11250270,Buchholz - Korporations Haus,47.1343228,8.5814167,yellow::yellow_diamond,2024-11-22 15:07:04
11266005,Wil - Oberdorf? - fixme,47.3886478,7.7400917,yellow::yellow_diamond,2024-11-22 15:07:04
11281548,Bergli-Wilderau,47.2299608,9.0574313,yellow::yellow_diamond,2024-11-22 15:07:04
11293018,Herrenmatt - Woll,47.4643614,7.6287725,yellow::yellow_diamond,2024-11-22 15:07:04
11293019,Musikschule - Woll,47.4744856,7.6273185,yellow::yellow_diamond,2024-11-22 15:07:04
11319479,Gündisau – Hermatswil,47.3973227,8.8172673,yellow::yellow_diamond,2024-11-22 15:07:04
11319480,Gündisau - Bläsimühle- fixme,47.3983446,8.8053811,yellow::yellow_diamond,2024-11-22 15:07:04
11348682,Sustenbrüggli - Sustlihütte (Leiternweg),46.7496706,8.4679558,red:white:red_bar,2024-11-22 15:07:04
11348683,Sustenbrüggli - Sustlihütte SAC,46.7503101,8.4679815,red:white:red_bar,2024-11-22 15:07:04
11371571,Acla da Fontauna,46.698165,8.8453452,yellow::yellow_diamond,2024-11-22 15:07:04
11497921,Vorder Staffel - Trauboden,46.807039,8.4073911,red:white:red_bar,2024-11-22 15:07:04
11497922,Leiterliweg (Trauboden - Eienwäldli),46.8075803,8.4189624,red:white:red_bar,2024-11-22 15:07:04
11586696,Ferme de Soliat - Chez les Favre? - fixme,46.9316829,6.7112574,yellow::yellow_diamond,2024-11-22 15:07:04
11586697,La Banderette - Travers,46.9303957,6.6755302,yellow::yellow_diamond,2024-11-22 15:07:04
11586793,Travers - Travers,46.9397492,6.6745599,yellow::yellow_diamond,2024-11-22 15:07:04
11624054,St-Saphorin - Chexbres? - fixme,46.4735395,6.7960319,yellow::yellow_diamond,2024-11-22 15:07:04
11624175,Epesses - Epesses gare? - fixme,46.4902805,6.7451529,yellow::yellow_diamond,2024-11-22 15:07:04
11624176,Epesses - Puidoux? / Chexbres? - fixme,46.4911166,6.7460524,yellow::yellow_diamond,2024-11-22 15:07:04
11624797,Grandvaux - Grandvaux,46.4946957,6.7165077,yellow::yellow_diamond,2024-11-22 15:07:04
11657224,Somtgant - Alp Nalades,46.5794207,9.5523105,red:white:red_bar,2024-11-22 15:07:04
11663619,M.te San Giorgio - Pozzo? - fixme,45.911764,8.9531595,red:white:red_bar,2024-11-22 15:07:04
11664105,Savognin Soras - Tinizong,46.5919756,9.6098709,red:white:red_bar,2024-11-22 15:07:04
11680190,Chrätzerenpass - Chräzerli,47.2589949,9.2954533,yellow::yellow_diamond,2024-11-22 15:07:04
11680299,Feldis Platz - Bergstation LRF,46.7945922,9.4312901,red:white:red_bar,2024-11-22 15:07:04
11680305,Alp da Veuden - Mutta? / Sesselbahn? / Alp Raguta? - fixme,46.7984329,9.4556683,red:white:red_bar,2024-11-22 15:07:04
11680308,Emser Skihütte - Dreibündenstein,46.7993024,9.4886092,red:white:red_bar,2024-11-22 15:07:04
11680445,Ahorn - Morschfeld,46.9201508,8.4499524,red:white:red_bar,2024-11-22 15:07:04
11680531,Morschfeld - Bärfallen,46.9204413,8.4591126,red:white:red_bar,2024-11-22 15:07:04
11680648,Schwisolen - Tschwerwald? / Amden? - fixme,47.1622383,9.1811022,yellow::yellow_diamond,2024-11-22 15:07:04
11680654,Stöcklersiten - ?,47.1752006,9.168976,yellow::yellow_diamond,2024-11-22 15:07:04
11696661,Somtgant - Mot Laritg,46.5897002,9.5479395,red:white:red_bar,2024-11-22 15:07:04
11696850,Rottenweg,46.4663479,8.2476741,yellow::yellow_diamond,2024-11-22 15:07:04
11696940,Savognin Punt Crap - Lai Barnagn,46.5971188,9.5933133,red:white:red_bar,2024-11-22 15:07:04
11696941,Savognin Lai Barnagn - Punt,46.6036574,9.5895994,red:white:red_bar,2024-11-22 15:07:04
11696942,Savognin Lai Barnagn - Riom,46.6040199,9.5864395,red:white:red_bar,2024-11-22 15:07:04
11700451,Cunter - Savognin Soras,46.6038354,9.5971599,red:white:red_bar,2024-11-22 15:07:04
11700452,Cunter - Lai Barnagn,46.6027731,9.5904276,red:white:red_bar,2024-11-22 15:07:04
11700535,Rundal - Proschen Dafora,46.5903404,9.6205214,red:white:red_bar,2024-11-22 15:07:04
11700536,Proschen Dafora - Proschen Davains,46.5815565,9.6330009,red:white:red_bar,2024-11-22 15:07:04
11700537,Tinizong - Proschen Davains,46.5821533,9.6266573,red:white:red_bar,2024-11-22 15:07:04
11703095,Radons - Tigia,46.5611509,9.5537465,red:white:red_bar,2024-11-22 15:07:04
11734378,Obhegkapelle - Steinerberg? / Steinen? - fixme,47.0746923,8.5836336,red:white:red_bar,2024-11-22 15:07:04
11734379,Obhegkapelle - Althütte - fixme,47.0755963,8.5794127,yellow::yellow_diamond,2024-11-22 15:07:04
11734398,Obhegkapelle - Talacher? / Steinen? - fixme,47.0704932,8.5936129,red:white:red_bar,2024-11-22 15:07:04
11738563,Wirzweli - Gummenalp,46.907572,8.3685101,red:white:red_bar,2024-11-22 15:07:04
11755698,Goldau - Sunnenberg,47.0608397,8.5394255,yellow::yellow_diamond,2024-11-22 15:07:04
11779600,Weesen Speerplatz - Tutz,47.1388606,9.0938098,yellow::yellow_diamond,2024-11-22 15:07:04
11779604,Matt - Unterfidscheren,47.1582222,9.1031651,yellow::yellow_diamond,2024-11-22 15:07:04
11779605,Matt - Schluchen,47.1540239,9.1052106,yellow::yellow_diamond,2024-11-22 15:07:04
11779676,Kapuzberg - Schluchen,47.1478263,9.0991375,yellow::yellow_diamond,2024-11-22 15:07:04
11779678,Gmeindsberg - Unternätenalp? - fixme,47.1487008,9.0866365,red:white:red_bar,2024-11-22 15:07:04
11780847,Clavadürli - Davos Laret,46.8591715,9.8720501,red:white:red_bar,2024-11-22 15:07:04
11780848,Klosters Platz - Klosters Dorf,46.875878,9.8781923,yellow::yellow_diamond,2024-11-22 15:07:04
11825331,Bolzli - Gubel,47.164615,8.5755967,yellow::yellow_diamond,2024-11-22 15:07:04
11825332,Bolzli - Wulfligen,47.1736863,8.5706191,yellow::yellow_diamond,2024-11-22 15:07:04
11825334,Sennweid - Neuhaus,47.2090861,8.5845876,yellow::yellow_diamond,2024-11-22 15:07:04
11825335,Sennweid - Tal,47.2087016,8.5886548,yellow::yellow_diamond,2024-11-22 15:07:04
11833115,Bütschelbachsteg - Borisried? - fixme,46.852797,7.3910556,yellow::yellow_diamond,2024-11-22 15:07:04
11833116,Bütschelbachsteg - Chromen,46.8463388,7.3894236,yellow::yellow_diamond,2024-11-22 15:07:04
11833117,Chromen - Hinterfultigen? - fixme,46.8408323,7.3931951,yellow::yellow_diamond,2024-11-22 15:07:04
11833118,Chromen - Steiglenau,46.8378158,7.3823029,yellow::yellow_diamond,2024-11-22 15:07:04
11833119,Steiglenau - Burgbachsteg,46.8355436,7.3744211,yellow::yellow_diamond,2024-11-22 15:07:04
11833120,Burgbachsteg - Elisried? - fixme,46.8336917,7.3755838,yellow::yellow_diamond,2024-11-22 15:07:04
11848938,Wulfligen - Edlibach,47.181718,8.5682731,yellow::yellow_diamond,2024-11-22 15:07:04
11848939,Talbrücke - Wulfligen,47.1798145,8.5578731,yellow::yellow_diamond,2024-11-22 15:07:04
11860806,Gummenalp - Gummenbahn,46.9059821,8.358695,red:white:red_bar,2024-11-22 15:07:04
11863614,Golene - Ponte per Gudo,46.1697787,8.9474767,yellow::yellow_diamond,2024-11-22 15:07:04
11864170,F. Morobbia - Ponte per Gudo,46.172506,8.9724737,yellow::yellow_diamond,2024-11-22 15:07:04
11882889,Chälenwald - Menzingen,47.1825403,8.5937487,yellow::yellow_diamond,2024-11-22 15:07:04
11882891,Blachen - Erlenbach,47.1912369,8.596178,yellow::yellow_diamond,2024-11-22 15:07:04
11882892,Winzwilen - Blachen,47.1897725,8.6007038,yellow::yellow_diamond,2024-11-22 15:07:04
11882894,Schwand - Brättigen,47.1835535,8.6076769,yellow::yellow_diamond,2024-11-22 15:07:04
11882896,Schwand - Sunnerstegg,47.1900821,8.6149984,yellow::yellow_diamond,2024-11-22 15:07:04
11882897,Schwand - Hintercher,47.1827952,8.6163733,yellow::yellow_diamond,2024-11-22 15:07:04
11882898,Sarbach - Schwand,47.1962558,8.5972293,yellow::yellow_diamond,2024-11-22 15:07:04
11888444,Hofstetten - Schwanden? - fixme,47.144039,9.1442564,yellow::yellow_diamond,2024-11-22 15:07:04
11891390,Gross - Gross,47.1156261,8.7756369,yellow::yellow_diamond,2024-11-22 15:07:04
11892115,Nättenbach - Finsterseebrugg,47.1699852,8.6401293,yellow::yellow_diamond,2024-11-22 15:07:04
11892117,Hirzel - Bächenmoos,47.2121313,8.6118254,yellow::yellow_diamond,2024-11-22 15:07:04
11896357,Efringen Altes Rathaus - Überm Kalkwerk,47.6597443,7.5540232,yellow:white:yellow_diamond,2024-11-22 15:07:04
11897501,Hodbach - Stockfeld,47.6530576,7.5417265,yellow:white:yellow_diamond,2024-11-22 15:07:04
11902366,Buchberg - Humelbärg,47.5724936,8.5565542,yellow::yellow_diamond,2024-11-22 15:07:04
11910837,Ranflüh - Ranflühstäg,46.9870282,7.7351192,yellow::yellow_diamond,2024-11-22 15:07:04
11910840,Oberhochfeld - Aebnit,46.9708433,7.7656086,yellow::yellow_diamond,2024-11-22 15:07:04
11910845,Blasen - Moosbad,46.9472694,7.7290718,yellow::yellow_diamond,2024-11-22 15:07:04
11910846,Emmenmatt - Blase,46.948059,7.7442163,yellow::yellow_diamond,2024-11-22 15:07:04
11910854,Jörberg - Heimisbach/Chrämershus,47.0139373,7.754632,yellow::yellow_diamond,2024-11-22 15:07:04
11924338,Brunwald - Nord,47.3871971,8.9975468,yellow::yellow_diamond,2024-11-22 15:07:04
11924344,Lämmligarten - Mühlrüti? - fixme,47.3843717,8.9870873,yellow::yellow_diamond,2024-11-22 15:07:04
11951846,Hinterschneit - Gruben? / Mitteldorf? / Oberägeri? - fixme,47.1458181,8.6001739,yellow::yellow_diamond,2024-11-22 15:07:04
11953359,Winterthur Wülflingen - Berenberg Kloster,47.5056323,8.673439,yellow::yellow_diamond,2024-11-22 15:07:04
11956278,Oberiberg Talstation - Änglisfang,47.0324153,8.7659119,yellow::yellow_diamond,2024-11-22 15:07:04
11956279,Änglisfang - Underbäch,47.0334329,8.754808,yellow::yellow_diamond,2024-11-22 15:07:04
12043429,Bäretswil - Stockrüti,47.3304552,8.8635951,yellow::yellow_diamond,2024-11-22 15:07:04
12043430,Stockrüti - Täuferhöhle,47.3211144,8.878142,yellow::yellow_diamond,2024-11-22 15:07:04
12102819,Ottikon - Kemleten,47.4429636,8.719411,yellow::yellow_diamond,2024-11-22 15:07:04
12103060,Kemleten - Ettenhusen,47.4472204,8.7283335,yellow::yellow_diamond,2024-11-22 15:07:04
12108475,Zimmel - Spinnerei?,47.1393239,8.5702527,yellow::yellow_diamond,2024-11-22 15:07:04
12108478,Zimmel - Rämselbrüggli? - fixme,47.13722,8.5659594,yellow::yellow_diamond,2024-11-22 15:07:04
12108480,Rain - Unterägeri Zentrum?,47.1353328,8.5734715,yellow::yellow_diamond,2024-11-22 15:07:04
12108481,Boden - Tubenloch,47.1320625,8.5504993,yellow::yellow_diamond,2024-11-22 15:07:04
12108584,Altberg - Altberg,47.4361333,8.4090562,yellow::yellow_diamond,2024-11-22 15:07:04
12113800,Berschis - Pluder,47.1048749,9.3423628,yellow::yellow_diamond,2024-11-22 15:07:04
12113801,Berschis - Flums,47.1043432,9.3463157,yellow::yellow_diamond,2024-11-22 15:07:04
12117930,Trübbach - Trübbach,47.0712473,9.4787983,yellow::yellow_diamond,2024-11-22 15:07:04
12117931,Trübbach - Chlefibünt,47.0727923,9.4732493,yellow::yellow_diamond,2024-11-22 15:07:04
12117933,Chlefibünt - Matug,47.073591,9.4651833,yellow::yellow_diamond,2024-11-22 15:07:04
12117935,Chlefibünt - Böschen,47.0786256,9.4685878,yellow::yellow_diamond,2024-11-22 15:07:04
12117937,Böschenwald - Matug? / Vild? - fixme,47.083264,9.4665081,yellow::yellow_diamond,2024-11-22 15:07:04
12117938,Böschenwald - Lafadarsch? / Hotel Alvier? - fixme,47.0852001,9.4684475,yellow::yellow_diamond,2024-11-22 15:07:04
12117939,Aufstieg - Lafadarsch? - fixme,47.0912412,9.4659482,yellow::yellow_diamond,2024-11-22 15:07:04
12117941,Aufstieg - Hotel Alvier? / Palfris? - fixme,47.0945885,9.4657658,yellow::yellow_diamond,2024-11-22 15:07:04
12124279,Rubigen - Hunzigenbrügg? / Münsingen? - fixme,46.898407,7.5453918,yellow::yellow_diamond,2024-11-22 15:07:04
12124280,Auguetbrügg - Auguetbrügg,46.9190199,7.5003962,yellow::yellow_diamond,2024-11-22 15:07:04
12124281,Auguetbrügg - Chräyigen? / Muri? - fixme,46.9200472,7.5002998,yellow::yellow_diamond,2024-11-22 15:07:04
12127613,Allmen - Täuferhöhle,47.3161286,8.8851873,yellow::yellow_diamond,2024-11-22 15:07:04
12127614,Allmen - Girenbad,47.3123928,8.8792576,yellow::yellow_diamond,2024-11-22 15:07:04
12128633,Wildbach - Ringwil,47.3120036,8.8543094,yellow::yellow_diamond,2024-11-22 15:07:04
12164206,Effretikon - Moosburg,47.4225837,8.6900711,yellow::yellow_diamond,2024-11-22 15:07:04
12225860,Ennetturgi Holzbrücke - Untersiggenthal,47.4975322,8.2545958,yellow::yellow_diamond,2024-11-22 15:07:04
12228942,Kyburg - Ettenhusen,47.4532334,8.7413386,yellow::yellow_diamond,2024-11-22 15:07:04
12229388,Ottikon - Erli,47.4358743,8.7212021,yellow::yellow_diamond,2024-11-22 15:07:04
12294211,Riethof - Wiesendangen Bhf.,47.5267937,8.7716882,yellow::yellow_diamond,2024-11-22 15:07:04
12296256,Eschberg - Seuzach Bhf.,47.5399883,8.7474375,yellow::yellow_diamond,2024-11-22 15:07:04
12298127,Rosenberg - Taggenberg,47.5259983,8.7017615,yellow::yellow_diamond,2024-11-22 15:07:04
12300264,Schloss Liebegg - Refental,47.3393121,8.1232734,yellow::yellow_diamond,2024-11-22 15:07:04
12306529,Räterschen Bhf. – Fulau,47.5068275,8.8090051,yellow::yellow_diamond,2024-11-22 15:07:04
12316383,Seen – Sennhof,47.4771111,8.7622247,yellow::yellow_diamond,2024-11-22 15:07:04
12328387,Guwilmühle – Elgg,47.4831577,8.8633583,yellow::yellow_diamond,2024-11-22 15:07:04
12365672,Buechstutz - Mülihölzli,47.2568544,8.7300271,yellow::yellow_diamond,2024-11-22 15:07:04
12365673,Mülihölzli - Stäfnertürli,47.2611809,8.7171183,yellow::yellow_diamond,2024-11-22 15:07:04
12402386,Hettlingen Dorf – Rutschwil,47.5524306,8.7188988,yellow::yellow_diamond,2024-11-22 15:07:04
12406961,Neftenbach – Hettlingen Bhf. Süd,47.5348801,8.6810883,yellow::yellow_diamond,2024-11-22 15:07:04
12409088,Wynigen - Schwande,47.0986923,7.6725705,yellow::yellow_diamond,2024-11-22 15:07:04
12409089,Wynigen - Guetisberg? - fixme,47.100784,7.6682251,yellow::yellow_diamond,2024-11-22 15:07:04
12409090,Wynigen - Bickigen? - fixme,47.0947268,7.6586837,yellow::yellow_diamond,2024-11-22 15:07:04
12409091,Rotenbaum - Heimiswil,47.0628318,7.6755892,yellow::yellow_diamond,2024-11-22 15:07:04
12413815,Oberwil – Rutschwil,47.5653087,8.722769,yellow::yellow_diamond,2024-11-22 15:07:04
12415302,Gurisee Rutschwil,47.5583848,8.7397084,yellow::yellow_diamond,2024-11-22 15:07:04
12420868,Thalheim-Altikon – Rickenbach,47.561245,8.7769337,yellow::yellow_diamond,2024-11-22 15:07:04
12428118,Belp - Vehweid? / Hunzigebrügg? - fixme,46.8899963,7.5041105,yellow::yellow_diamond,2024-11-22 15:07:04
12428119,Belp - Hoburg,46.8859424,7.5082689,yellow::yellow_diamond,2024-11-22 15:07:04
12428121,Hoburg - Weid,46.875959,7.5151535,yellow::yellow_diamond,2024-11-22 15:07:04
12428122,Weid - Riedli? / Belp? - fixme,46.8729394,7.5149244,yellow::yellow_diamond,2024-11-22 15:07:04
12428123,Weid - Belpberg/Weidli,46.8683296,7.5178196,yellow::yellow_diamond,2024-11-22 15:07:04
12428124,Belpberg/Weidli - Tuftere? / Belp? - fixme,46.8645799,7.5178278,yellow::yellow_diamond,2024-11-22 15:07:04
12428125,Belpberg/Weidli - Belpberg/Linde? - fixme,46.8670406,7.5201755,yellow::yellow_diamond,2024-11-22 15:07:04
12428126,Belpberg/Chutze - Belpberg/Linde? - fixme,46.8617849,7.5248822,yellow::yellow_diamond,2024-11-22 15:07:04
12428312,Simmlere - Nessleren,46.8527622,7.532059,yellow::yellow_diamond,2024-11-22 15:07:04
12428313,Nessleren - Hinter Chapf? / Cheer? / Münsingen? - fixme,46.8505392,7.5339102,yellow::yellow_diamond,2024-11-22 15:07:04
12428314,Nessleren - Gerzensee,46.8444846,7.5393064,yellow::yellow_diamond,2024-11-22 15:07:04
12428315,Gerzensee - Schützenfahrbrügg? / Münsingen? - fixme,46.8455359,7.5411227,yellow::yellow_diamond,2024-11-22 15:07:04
12428316,Gerzensee - Cheer? - fixme,46.8414797,7.5449726,yellow::yellow_diamond,2024-11-22 15:07:04
12428318,Gerzensee - Kirchdorf? / Uetendorf? - fixme,46.8354515,7.5488781,yellow::yellow_diamond,2024-11-22 15:07:04
12452699,Holgass – Thalheim-Altikon Bhf.,47.5745195,8.7441266,yellow::yellow_diamond,2024-11-22 15:07:04
12452700,Holgass – Gütighausen,47.5829145,8.7319297,yellow::yellow_diamond,2024-11-22 15:07:04
12458293,Küsnacht - Schübelweiher,47.3188142,8.5889273,yellow::yellow_diamond,2024-11-22 15:07:04
12458405,Tägermoos - Schübelweiher,47.3225641,8.594885,yellow::yellow_diamond,2024-11-22 15:07:04
12467456,Guegenhard – Tolhusen,47.4864326,8.8272155,yellow::yellow_diamond,2024-11-22 15:07:04
12469732,Hittnau Seewadel – Hittnau,47.3690011,8.8182574,yellow::yellow_diamond,2024-11-22 15:07:04
12469733,Hittnau Seewadel – Schönau,47.3751872,8.8225222,yellow::yellow_diamond,2024-11-22 15:07:04
12469734,Hittnau Seewadel - Isikon,47.3734259,8.8188474,yellow::yellow_diamond,2024-11-22 15:07:04
12476277,Kollbrunn Bhf. – Oberlangenhard,47.457535,8.7927507,yellow::yellow_diamond,2024-11-22 15:07:04
12503256,Stn. Rämismühle-Zell – Rämismühle,47.4403953,8.8195049,yellow::yellow_diamond,2024-11-22 15:07:04
12503464,Lettenberg – Zell,47.4509381,8.8302669,yellow::yellow_diamond,2024-11-22 15:07:04
12503465,Lettenberg – Stn. Rämismühle-Zell,47.4445527,8.8287503,yellow::yellow_diamond,2024-11-22 15:07:04
12513928,Rörlitobel – Wolfbrunnen,47.4634596,8.8109949,yellow::yellow_diamond,2024-11-22 15:07:04
12521090,Ricketwil Mas – Tolhusen,47.4891114,8.8077897,yellow::yellow_diamond,2024-11-22 15:07:04
12528416,Bannwil Niederfeld - Bannwil,47.2358105,7.7348782,yellow::yellow_diamond,2024-11-22 15:07:04
12528418,Berkenbrücke? - Oberbipper Waldhütte? / Niderbipp?,47.2380038,7.7065255,yellow::yellow_diamond,2024-11-22 15:07:04
12528419,Längwald Stalderain - Oberbipp`- fixme,47.251274,7.6820949,yellow::yellow_diamond,2024-11-22 15:07:04
12532218,Trasadingen - Bergtrotte? / Neuhausen? - fixme,47.6654988,8.43853,yellow::yellow_diamond,2024-11-22 15:07:04
12532219,Trasadingen - Erzingen? - fixme,47.664976,8.4354004,yellow::yellow_diamond,2024-11-22 15:07:04
12532230,Bergkirche St. Moritz- Hallauer Berghöfe? / Stühlingen? / Schleitheim? - fixme,47.705307,8.4583163,yellow::yellow_diamond,2024-11-22 15:07:04
12532270,Wilchingen Hallau - Wilchingen? - fixme,47.6735582,8.4661827,yellow::yellow_diamond,2024-11-22 15:07:04
12533067,Tobel – Gündisau,47.4122864,8.8077836,yellow::yellow_diamond,2024-11-22 15:07:04
12535047,Russikon – Neschwil,47.4120656,8.7819239,yellow::yellow_diamond,2024-11-22 15:07:04
12535048,Neschwil – Rikon Brücke,47.4365075,8.7949241,yellow::yellow_diamond,2024-11-22 15:07:04
12543334,Seelmatten – Ramsberg,47.4483163,8.883437,yellow::yellow_diamond,2024-11-22 15:07:04
12547024,Seelmatten – Neubrunn,47.4472312,8.8964226,yellow::yellow_diamond,2024-11-22 15:07:04
12547463,Sitzberg – Neubrunn,47.4318941,8.9034835,yellow::yellow_diamond,2024-11-22 15:07:04
12548908,Sitzberg – Büel,47.4274459,8.8991889,yellow::yellow_diamond,2024-11-22 15:07:04
12548909,Büel – Chäfer,47.4198073,8.8802265,yellow::yellow_diamond,2024-11-22 15:07:04
12548910,Chäfer – Wila,47.4160701,8.8631588,yellow::yellow_diamond,2024-11-22 15:07:04
12548912,Wila – Wila Stn.,47.4172475,8.8502503,yellow::yellow_diamond,2024-11-22 15:07:04
12551318,Saland – Tablat,47.4032191,8.8577354,yellow::yellow_diamond,2024-11-22 15:07:04
12551319,Saland Bhf. – Saland,47.395339,8.8540921,yellow::yellow_diamond,2024-11-22 15:07:04
12556508,Rämismühle – Wila,47.4288715,8.8356293,yellow::yellow_diamond,2024-11-22 15:07:04
12567505,Bäumli – Winterthur Grüze,47.5015631,8.7472577,yellow::yellow_diamond,2024-11-22 15:07:04
12590538,Lehni - Bächli? - fixme,47.1428308,9.1350943,yellow::yellow_diamond,2024-11-22 15:07:04
12593344,Altenberg - Wölflinswil? - fixme,47.47299,7.9809091,yellow::yellow_diamond,2024-11-22 15:07:04
12607185,Hinter Scheidegg - Horben,46.9055749,7.7849834,yellow::yellow_diamond,2024-11-22 15:07:04
12624407,Morgartenberg - Morgartenberg Aussichtspunkt,47.100059,8.6564771,yellow::yellow_diamond,2024-11-22 15:07:04
12624408,Morgartenberg - Chli Morgarten?,47.1049862,8.6576125,yellow::yellow_diamond,2024-11-22 15:07:04
12624409,Chli Morgarten - Teufiwald Süd,47.1105717,8.6574447,yellow::yellow_diamond,2024-11-22 15:07:04
12624410,Chli Morgarten - Rotenthurm Bahnhof,47.1084405,8.6667712,yellow::yellow_diamond,2024-11-22 15:07:04
12624411,Teufiwald Süd - Fisterenwald,47.1095335,8.6543949,yellow::yellow_diamond,2024-11-22 15:07:04
12624412,Teufiwald Süd - Ob Tännli,47.1168737,8.6559014,yellow::yellow_diamond,2024-11-22 15:07:04
12624413,Ob Tännli - Rämsli? / Oberägeri? - fixme,47.1228755,8.6513149,yellow::yellow_diamond,2024-11-22 15:07:04
12624414,Ob Tännli - Tännli Chappeli? / Rutenthurm? - fixme,47.121034,8.6594875,yellow::yellow_diamond,2024-11-22 15:07:04
12624415,Ob Tännli - Grindel? / Waldschlag? / Alosen? - fixme,47.1231966,8.65246,yellow::yellow_diamond,2024-11-22 15:07:04
12624416,Ob Tännli - Böschirain,47.1240021,8.6581219,yellow::yellow_diamond,2024-11-22 15:07:04
12624417,Böschirain - St. Jost,47.1296709,8.6624567,yellow::yellow_diamond,2024-11-22 15:07:04
12624418,Raten - Waldschlagchrütz? / Zigerhüttli? - fixme,47.1365774,8.6578241,yellow::yellow_diamond,2024-11-22 15:07:04
12624597,Walcheweier – Bäumli,47.5099462,8.736431,yellow::yellow_diamond,2024-11-22 15:07:04
12624598,Wanderweg Lindberg,47.5127753,8.7512136,yellow::yellow_diamond,2024-11-22 15:07:04
12631969,Neunkirch Bhf - Neunkirch,47.6898179,8.4960839,yellow::yellow_diamond,2024-11-22 15:07:04
12631970,Neunkirch - Gächlingen? - fixme,47.6908072,8.4965667,yellow::yellow_diamond,2024-11-22 15:07:04
12631971,Neunkirch - Armenfeldhütte,47.6819632,8.498063,yellow::yellow_diamond,2024-11-22 15:07:04
12631972,Armenfeldhütte - Stuel,47.6706347,8.4929831,yellow::yellow_diamond,2024-11-22 15:07:04
12632143,Armenfeldhütte - Wasenhütte,47.6712281,8.5117933,yellow::yellow_diamond,2024-11-22 15:07:04
12632144,Wasenhütte - Rossbärg,47.6645873,8.5219263,yellow::yellow_diamond,2024-11-22 15:07:04
12632145,Wasenhütte - Eerlebode? - fixme,47.6662566,8.5361696,yellow::yellow_diamond,2024-11-22 15:07:04
12632147,Wasenhütte - Stuel - fixme,47.6662557,8.5170737,yellow::yellow_diamond,2024-11-22 15:07:04
12632148,Rossbärg - Baltersweil Käppele? / Rafz? - fixme,47.6607345,8.5157061,yellow::yellow_diamond,2024-11-22 15:07:04
12632149,Rossberg - Ruine Radegg,47.6569845,8.5113425,yellow::yellow_diamond,2024-11-22 15:07:04
12632150,Ruine Radegg - Osterfingen,47.6565265,8.4956554,yellow::yellow_diamond,2024-11-22 15:07:04
12632670,Bad Osterfingen - Osterfingen,47.6588242,8.4847148,yellow::yellow_diamond,2024-11-22 15:07:04
12632671,Osterfingen - Bergtrotte? - fixme,47.66233,8.4842856,yellow::yellow_diamond,2024-11-22 15:07:04
12641356,Rehinfelden - ?,47.5516939,7.7935595,yellow::yellow_diamond,2024-11-22 15:07:04
12646861,Rümikon – Oberwinterthur Bhf.,47.5056134,8.7713392,yellow::yellow_diamond,2024-11-22 15:07:04
12651112,Cureggia - Bré,46.0170304,8.991496,red:white:red_bar,2024-11-22 15:07:04
12665502,Zünikon – Fulau,47.5160722,8.8282067,yellow::yellow_diamond,2024-11-22 15:07:04
12702384,Wallikon - Isikon,47.3776444,8.8099882,yellow::yellow_diamond,2024-11-22 15:07:04
12706667,Sissach - Sissach Bergweg,47.4655701,7.8122764,yellow::yellow_diamond,2024-11-22 15:07:04
12706668,Sissach Bergweg - Itingen Nord? - fixme,47.4677774,7.8111565,yellow::yellow_diamond,2024-11-22 15:07:04
12711114,Hofschür - Lättenweid,47.3570375,8.853771,yellow::yellow_diamond,2024-11-22 15:07:04
12711762,Bliggenswil - Niderdürstelen,47.3678476,8.8597351,yellow::yellow_diamond,2024-11-22 15:07:04
12711763,Bliggenswil - Stoffel,47.3636105,8.858911,yellow::yellow_diamond,2024-11-22 15:07:04
12712129,Bauma Bhf. - Bliggenswil,47.3669383,8.8709475,yellow::yellow_diamond,2024-11-22 15:07:04
12761462,Röthenbach - Heimenhausen,47.2089101,7.6908758,yellow::yellow_diamond,2024-11-22 15:07:04
12761465,Stadönz - Herzogenbuchsee,47.2058791,7.7109828,yellow::yellow_diamond,2024-11-22 15:07:04
12774390,Oberhittnau - Rosinli,47.3522715,8.8289182,yellow::yellow_diamond,2024-11-22 15:07:04
12789149,Hittnau - Lupmenweiher - Lättenweid,47.3625695,8.83807,yellow::yellow_diamond,2024-11-22 15:07:04
12807310,Humlikon Bus - Humlikon,47.5764751,8.6710371,yellow::yellow_diamond,2024-11-22 15:07:04
12807989,Andelfingen Bhf. - Thurhof,47.5976148,8.6392739,yellow::yellow_diamond,2024-11-22 15:07:04
12809433,Andelfingen - Kleinandelfingen,47.5956883,8.6801495,yellow::yellow_diamond,2024-11-22 15:07:04
12811118,Kleinandelfingen - Rudolfingen,47.6188445,8.6770826,yellow::yellow_diamond,2024-11-22 15:07:04
12811119,Kleinandelfingen - Marthalen Dorf,47.6115816,8.6653797,yellow::yellow_diamond,2024-11-22 15:07:04
12812215,Kleinandelfingen - Thurhau,47.5986025,8.6443089,yellow::yellow_diamond,2024-11-22 15:07:04
12814741,Rheinau - Rheinau Salmen,47.6461347,8.6052455,yellow::yellow_diamond,2024-11-22 15:07:04
12815279,Aesch Schifflände,47.2582798,8.2322704,yellow::yellow_diamond,2024-11-22 15:07:04
12817537,Marthalen Dorf - Marthalen,47.6271787,8.6533197,yellow::yellow_diamond,2024-11-22 15:07:04
12843270,Weidhof - Brüelacker,47.5265115,8.8118517,yellow::yellow_diamond,2024-11-22 15:07:04
12859180,Islikon Station - Gachnang,47.543623,8.8493802,yellow::yellow_diamond,2024-11-22 15:07:04
12859181,Islikon Station - Rosenhuben,47.547118,8.8529636,yellow::yellow_diamond,2024-11-22 15:07:04
12863934,Gachnang - Weidhof,47.5361418,8.8469442,yellow::yellow_diamond,2024-11-22 15:07:04
12865787,Risi - Püntacher,47.2511971,8.7236655,yellow::yellow_diamond,2024-11-22 15:07:04
12890315,Thalheim - Thalheim-Altikon,47.5740411,8.755973,yellow::yellow_diamond,2024-11-22 15:07:04
12915613,Flössbach Kreuzung - Niederwies,47.6890797,8.1889415,yellow:white:yellow_diamond,2024-11-22 15:07:04
12915614,Auhütte - Flössbach Kreuzung,47.6931148,8.1783698,yellow:white:yellow_diamond,2024-11-22 15:07:04
12915615,am Aubachweg - Auhütte,47.6957136,8.1807973,yellow:white:yellow_diamond,2024-11-22 15:07:04
12915616,Auhütte - Föhrenbachmühle,47.696214,8.1909793,yellow:white:yellow_diamond,2024-11-22 15:07:04
12915617,Niederwies - Wolfbachweg,47.6883044,8.2065005,yellow:white:yellow_diamond,2024-11-22 15:07:04
12915618,Niederwies - Oberbierbronnen,47.6818291,8.2026575,yellow:white:yellow_diamond,2024-11-22 15:07:04
12915623,Außer Ay - Haselbachbrücke,47.6697693,8.1839714,yellow:white:yellow_diamond,2024-11-22 15:07:04
12915624,Aispel - Außer Ay,47.6657895,8.19983,yellow:white:yellow_diamond,2024-11-22 15:07:04
13572082,Mazembroz > Saxé,46.1513329,7.1346403,yellow::yellow_diamond,2024-11-22 15:07:04
13683810,Branson - Village > Tassonnières,46.1342645,7.0947584,yellow::yellow_diamond,2024-11-22 15:07:04
13702484,Les Moulins > Chamoille d'en Haut,46.0679682,7.1571993,yellow::yellow_diamond,2024-11-22 15:07:04
13702486,Chamoille > La Douay,46.0546525,7.151989,yellow::yellow_diamond,2024-11-22 15:07:04
13702487,Sembrancher > Les Moulins,46.0775224,7.1547186,yellow::yellow_diamond,2024-11-22 15:07:04
13702488,Sembrancher > Sembrancher - Gare,46.0782091,7.1487872,yellow::yellow_diamond,2024-11-22 15:07:04
13719332,"La Bâtiaz - Martigny, Place centrale",46.1037435,7.0712528,yellow::yellow_diamond,2024-11-22 15:07:04
13768462,Vers l'Église - Fully > La Fontaine,46.1398448,7.1156304,yellow::yellow_diamond,2024-11-22 15:07:04
13768463,La Fontaine > Tassonnières,46.1407176,7.1069411,yellow::yellow_diamond,2024-11-22 15:07:04
13768989,Chamoille > Orsières,46.0421528,7.1496714,yellow::yellow_diamond,2024-11-22 15:07:04
13770425,La Fontaine > Branson - Village,46.1364741,7.1027026,yellow::yellow_diamond,2024-11-22 15:07:04
13782644,Branson - Village > ?,46.1300565,7.0848175,yellow::yellow_diamond,2024-11-22 15:07:04
13791097,Aberen - Frohberg,47.245897,8.7346356,yellow::yellow_diamond,2024-11-22 15:07:04
13795021,Dändlikon - Buechstutz,47.2600908,8.7467724,yellow::yellow_diamond,2024-11-22 15:07:04
13795022,Risi - Stäfa,47.2448958,8.7260766,yellow::yellow_diamond,2024-11-22 15:07:04
13796912,Püntacher - Stäfa,47.2473421,8.718478,yellow::yellow_diamond,2024-11-22 15:07:04
13805691,Sternweiher - Gamser,47.4736858,8.7202722,yellow::yellow_diamond,2024-11-22 15:07:04
13874402,Fops - Talvangas,46.5992785,9.573657,red:white:red_bar,2024-11-22 15:07:04
13902567,Höllhaken - Schloss Beuggen,47.5702423,7.8039145,yellow:white:yellow_diamond,2024-11-22 15:07:04
13902568,Schloss Beuggen - Bei der Tschamberhöhle,47.5861258,7.8165512,yellow:white:yellow_diamond,2024-11-22 15:07:04
13902569,Bei der Tschamberhöhle - Riedmatt,47.590215,7.8208674,yellow:white:yellow_diamond,2024-11-22 15:07:04
13903500,Am Stammbach - Abzweig Wickartsmühle,47.6053158,7.9819654,yellow:white:yellow_diamond,2024-11-22 15:07:04
13903504,Strahlbusch - Alter Stausee,47.6045427,8.0004808,yellow:white:yellow_diamond,2024-11-22 15:07:04
13903508,Wanderparkplatz Wickartsmühle - Abzweig Wickartsmühle,47.6057094,7.9830584,yellow:white:yellow_diamond,2024-11-22 15:07:04
13903509,Wanderparkplatz Wickartsmühle - Obere Wickartsmühle,47.6060121,7.9844859,yellow:white:yellow_diamond,2024-11-22 15:07:04
13903672,Murgtalpfad,47.5994323,8.0116812,yellow:white:yellow_diamond,2024-11-22 15:07:04
13903673,Alter Stausee - Murgtalbrücke zur Ruine,47.5948806,8.0027806,yellow:white:yellow_diamond,2024-11-22 15:07:04
13907273,La Garde > La Douay,46.0586681,7.1477481,yellow::yellow_diamond,2024-11-22 15:07:04
13907966,Le Bourg > Martigny - Place Centrale,46.09621,7.0698548,yellow::yellow_diamond,2024-11-22 15:07:04
13914717,Langenriet - Hombrechtikon,47.2486646,8.7748767,yellow::yellow_diamond,2024-11-22 15:07:04
13918492,Les Valettes > Bémont #2,46.0720675,7.0724967,yellow::yellow_diamond,2024-11-22 15:07:04
13918494,Les Valettes > Bémont #1,46.0724789,7.0758225,yellow::yellow_diamond,2024-11-22 15:07:04
13919851,Baselwald - Jagdhütte,47.6108804,7.8270923,yellow:white:yellow_diamond,2024-11-22 15:07:04
13919853,Nordschwaben Gemeindehalle - Nordschwaben Adler,47.6184847,7.8180384,yellow:white:yellow_diamond,2024-11-22 15:07:04
13919854,Nordschwaben Adler - Nordschwaben Oberdorf,47.6199724,7.8191815,yellow:white:yellow_diamond,2024-11-22 15:07:04
13919857,Wiechs Buurelade - Wiechs Dorfmitte,47.6348232,7.8135977,yellow:white:yellow_diamond,2024-11-22 15:07:04
14064978,Büelwald - Ei,46.9280241,7.9765591,yellow::yellow_diamond,2024-11-22 15:07:04
14220918,Wangen Hafen - Wangen Sportanlage,47.6608531,8.9307343,yellow:white:yellow_diamond,2024-11-22 15:07:04
14220919,Wangen Sportanlage - Wasserhochbehälter,47.663187,8.9288623,yellow:white:yellow_diamond,2024-11-22 15:07:04
14220920,Parkplatz Zielhag - Wasserhochbehälter,47.6666053,8.9260405,yellow:white:yellow_diamond,2024-11-22 15:07:04
14220922,Aspenkreuz - Wasserhochbehälter,47.6648049,8.9231185,yellow:white:yellow_diamond,2024-11-22 15:07:04
14220923,Öhningen Lindenplatz - Öhningen Nödbachbrücke,47.6625758,8.8863617,yellow:white:yellow_diamond,2024-11-22 15:07:04
14220927,Klingenbachschlucht - Öhningen Lindenplatz,47.662397,8.891107,yellow:white:yellow_diamond,2024-11-22 15:07:04
14220928,Am Schluchtenweg - Nässe,47.6653286,8.9098727,yellow:white:yellow_diamond,2024-11-22 15:07:04
14220931,Klingenbachschlucht - Schalmenried,47.6636049,8.8997898,yellow:white:yellow_diamond,2024-11-22 15:07:04
14220934,Aspenhof - Nässe,47.6635112,8.9151862,yellow:white:yellow_diamond,2024-11-22 15:07:04
14220940,Öhningen Oberstaad - Oberstaad Schiffsanlegestelle,47.6535492,8.8942213,yellow:white:yellow_diamond,2024-11-22 15:07:04
14220944,Buchbühl - Hof Honisheim,47.6886664,8.9564158,yellow:white:yellow_diamond,2024-11-22 15:07:04
14220945,Buchbühl - Hof Balesheim,47.6907056,8.9631965,yellow:white:yellow_diamond,2024-11-22 15:07:04
14220962,Löchle - Naturdenkmal Friedenslinde,47.7034489,8.931097,yellow:white:yellow_diamond,2024-11-22 15:07:04
14220963,Bankholzen Kirche - Naturdenkmal Friedenslinde,47.7061057,8.9303322,yellow:white:yellow_diamond,2024-11-22 15:07:04
14220970,Böhringen Aachweg - Böhringen Rickelshauser Str.,47.752718,8.9335061,yellow:white:yellow_diamond,2024-11-22 15:07:04
14220971,Böhringen Aachweg - Riedwiesen,47.747457,8.9335638,yellow:white:yellow_diamond,2024-11-22 15:07:04
14220975,Radolfzell Bodenseereiter - Riedwiesen,47.7402885,8.9400732,yellow:white:yellow_diamond,2024-11-22 15:07:04
14220976,Moos Böhringer Straße - Riedwiesen,47.7344178,8.9289442,yellow:white:yellow_diamond,2024-11-22 15:07:04
14220977,Moos Böhringer Straße - Moos Grüner Baum,47.7260005,8.9341066,yellow:white:yellow_diamond,2024-11-22 15:07:04
14242062,Untere Wasserleitung,46.3174473,7.7360227,yellow::yellow_diamond,2024-11-22 15:07:04
14242064,Obere Wasserleitung,46.3161856,7.7286308,red:white:red_bar,2024-11-22 15:07:04
14305208,Friedlingen Mitte - Weil am Rhein Friedensbrücke,47.5909235,7.6019217,yellow:white:yellow_diamond,2024-11-22 15:07:04
14305215,Kanderboden - Märkt Rathaus,47.6282605,7.576232,yellow:white:yellow_diamond,2024-11-22 15:07:04
14305216,Märkt Rathaus - Stauwehr Märkt,47.6222729,7.5769887,yellow:white:yellow_diamond,2024-11-22 15:07:04
14305218,Kanderboden - Kandermündung,47.631073,7.5715698,yellow:white:yellow_diamond,2024-11-22 15:07:04
14308444,"Suonenweg ""NIWA""",46.3130033,7.811712,yellow::yellow_diamond,2024-11-22 15:07:04
14316979,Friedlingen Mitte - Friedlingen Rheinpark,47.5907632,7.5966875,yellow:white:yellow_diamond,2024-11-22 15:07:04
14328158,Vernayaz - Miéville,46.1400414,7.0357373,yellow::yellow_diamond,2024-11-22 15:07:04
14343894,Voralp - Niederipass - Höchst - Voralp,47.1527128,9.3579178,red:white:red_bar,2024-11-22 15:07:04
14348340,Gitzitritt,46.9542758,8.4298649,blue:white:blue_bar,2024-11-22 15:07:04
14379799,Palfries - Gipfelhütte Alvier,47.0992908,9.4168576,red:white:red_bar,2024-11-22 15:07:04
14442204,Seen Bhf. – Räterschen Bhf.,47.4891071,8.7812361,yellow::yellow_diamond,2024-11-22 15:07:04
14463157,Brusio - Viano,46.2590818,10.1313011,red:white:red_bar,2024-11-22 15:07:04
14470505,Miralago - Golbia - Brusio,46.2654455,10.1127026,red:white:red_bar,2024-11-22 15:07:04
14470523,Brusio - Piaz - San Romerio,46.2706318,10.1244998,red:white:red_bar,2024-11-22 15:07:04
14589456,Rund um Jaun,46.6096527,7.2786734,yellow::yellow_diamond,2024-11-22 15:07:04
14595156,Oberdorf - Gigger,47.2542174,7.9849696,yellow::yellow_diamond,2024-11-22 15:07:04
14740711,Miralago - Mot - Brusio,46.263525,10.112515,red:white:red_bar,2024-11-22 15:07:04
14910193,Affoltern Weier - Oberwald Schaber,47.0611317,7.7731345,yellow::yellow_diamond,2024-11-22 15:07:04
15066684,Lieli - Kleinwangen Oberdorf,47.2029951,8.3044588,yellow::yellow_diamond,2024-11-22 15:07:04
15430199,Montagnon - Dugny,46.1905223,7.1884305,yellow::yellow_diamond,2024-11-22 15:07:04
15430664,Produit - Montagnon,46.1881982,7.1932477,yellow::yellow_diamond,2024-11-22 15:07:04
15445016,Chamoson - Mayens de l'Ardève,46.2001855,7.2156984,yellow::yellow_diamond,2024-11-22 15:07:04
15453126,Saillon - La Sarvaz,46.1697872,7.1775367,yellow::yellow_diamond,2024-11-22 15:07:04
15453127,La Sarvaz - Sinlio,46.1691907,7.1719123,yellow::yellow_diamond,2024-11-22 15:07:04
15456026,La Sarvaz - Vieux Chêne,46.1609581,7.1561858,yellow::yellow_diamond,2024-11-22 15:07:04
15461534,Saxé - Eulo,46.1508185,7.1236156,yellow::yellow_diamond,2024-11-22 15:07:04
15461535,Saxé - Buitonne,46.1529503,7.1315535,yellow::yellow_diamond,2024-11-22 15:07:04
15487662,Riddes - Ecône,46.1646986,7.2141265,yellow::yellow_diamond,2024-11-22 15:07:04
15512219,Chamoson - Ardon Centre,46.2053392,7.2399299,yellow::yellow_diamond,2024-11-22 15:07:04
15515281,fixme - Ardon Centre,46.2135661,7.2561466,yellow::yellow_diamond,2024-11-22 15:07:04
15517655,Vétroz - fixme,46.2260457,7.2741936,yellow::yellow_diamond,2024-11-22 15:07:04
15517656,Vétroz - Magnot,46.2245883,7.2747158,yellow::yellow_diamond,2024-11-22 15:07:04
15520893,Isérables - fixme,46.1627212,7.244529,yellow::yellow_diamond,2024-11-22 15:07:04
15520894,Isérables - Les Boutses,46.162643,7.2448372,yellow::yellow_diamond,2024-11-22 15:07:04
15520925,Isérables - Les Crêtaux,46.1650046,7.2474377,yellow::yellow_diamond,2024-11-22 15:07:04
15520926,Isérables - fixme,46.1631641,7.2449775,yellow::yellow_diamond,2024-11-22 15:07:04
15522934,Tsamandon - Les Crêtaux,46.1734084,7.2653825,yellow::yellow_diamond,2024-11-22 15:07:04
15523480,Haute-Nendaz - La Pèroua,46.1793639,7.2835274,yellow::yellow_diamond,2024-11-22 15:07:04
15525953,Haute-Nendaz - Antenne,46.1858566,7.2920471,yellow::yellow_diamond,2024-11-22 15:07:04
15526228,Haute-Nendaz - Les Tsintres,46.1846086,7.2875035,yellow::yellow_diamond,2024-11-22 15:07:04
15526229,Les Tsintres - fixme,46.1861781,7.2873737,yellow::yellow_diamond,2024-11-22 15:07:04
15526404,Les Tsintres - Les Condémines,46.179929,7.2676277,yellow::yellow_diamond,2024-11-22 15:07:04
15527560,Fey - Les Condémines,46.1813141,7.2610882,yellow::yellow_diamond,2024-11-22 15:07:04
15527901,Fey - Haute-Nendaz Village,46.1867326,7.2709086,yellow::yellow_diamond,2024-11-22 15:07:04
15537226,Sensine - St Séverin,46.2397494,7.3058926,yellow::yellow_diamond,2024-11-22 15:07:04
15543145,Nidau - Stauwehr,47.1223126,7.2498096,yellow::yellow_diamond,2024-11-22 15:07:04
15543146,Brügg-Uferweg - Stauwehr,47.1195455,7.2695177,yellow::yellow_diamond,2024-11-22 15:07:04
15543147,Nidau - Stauwehr,47.1216144,7.2498955,yellow::yellow_diamond,2024-11-22 15:07:04
15543480,Nidau-Büren Kanal - Stauwehr,47.1195516,7.250107,yellow::yellow_diamond,2024-11-22 15:07:04
15546185,Ipsach - Nidau-Büren Kanal,47.1193878,7.238829,yellow::yellow_diamond,2024-11-22 15:07:04
15570838,Cabane de Bounavaux - Col de Bounavaletta,46.5335592,7.138124,red:white:red_bar,2024-11-22 15:07:04
15570848,Vanil Noir - Plan des Eaux,46.5269103,7.146701,blue:white:blue_bar,2024-11-22 15:07:04
15570947,Cabane de Bounavaux - Chalet de Tsermon,46.5368078,7.1322075,red:white:red_bar,2024-11-22 15:07:04
15646500,Schwamendingerplatz - Auholz,47.4131293,8.5736197,yellow::yellow_diamond,2024-11-22 15:07:04
15658380,Senda Muottas da Schlarigna,46.4866968,9.866668,red:white:red_bar,2024-11-22 15:07:04
15658550,Lej da la Tscheppa,46.4514116,9.7679971,red:white:red_bar,2024-11-22 15:07:04
15683105,Sood Oberleimbach - Wollishofen,47.3294217,8.5260492,yellow::yellow_diamond,2024-11-22 15:07:04
15689852,Walchwil - Schiffsstation,47.0995652,8.5146481,yellow::yellow_diamond,2024-11-22 15:07:04
15689854,Chatzenboden - Utenberg,47.0998384,8.5327268,yellow::yellow_diamond,2024-11-22 15:07:04
15689855,Aesch - Utenberg,47.0956166,8.5249524,yellow::yellow_diamond,2024-11-22 15:07:04
15689856,Rufiberg - Utenberg,47.0923519,8.5390219,yellow::yellow_diamond,2024-11-22 15:07:04
15689858,Stafel - Heumoos,47.0995961,8.5473922,yellow::yellow_diamond,2024-11-22 15:07:04
15689859,Buschenchappeli - Stafel,47.1068626,8.5458151,yellow::yellow_diamond,2024-11-22 15:07:04
15689860,Schattwäldli - Hinter Geissboden,47.1333487,8.535431,yellow::yellow_diamond,2024-11-22 15:07:04
15691914,Bühlhof - Bürg,47.2639633,8.7971929,yellow::yellow_diamond,2024-11-22 15:07:04
15696905,Weiningen (Bus) - Weiningen,47.4198005,8.4341712,yellow::yellow_diamond,2024-11-22 15:07:04
15706184,Senda dal Diavel,46.4260199,9.9615797,blue:white:blue_bar,2024-11-22 15:07:04
15713244,Mot Grond,46.9520159,10.3603127,red:white:red_bar,2024-11-22 15:07:04
15713245,Musella,46.9440796,10.3559936,red:white:red_bar,2024-11-22 15:07:04
15716358,Altstetten - Eichbühl,47.3825623,8.4738695,yellow::yellow_diamond,2024-11-22 15:07:04
15723802,Waldhof - Kindhausen,47.3899153,8.370508,yellow::yellow_diamond,2024-11-22 15:07:04
15745065,Naturzentrum - Riedt,47.5002537,8.4760391,yellow::yellow_diamond,2024-11-22 15:07:04
15746057,Neerach (Post) - Neerach,47.5128237,8.4725698,yellow::yellow_diamond,2024-11-22 15:07:04
15756619,Dietikon - Lindenbüel,47.3987122,8.408334,yellow::yellow_diamond,2024-11-22 15:07:04
15766368,Hohenegg - Neuthal,47.3555221,8.8703044,yellow::yellow_diamond,2024-11-22 15:07:04
15766599,Bauma - Hohenegg,47.3601427,8.8786356,yellow::yellow_diamond,2024-11-22 15:07:04
15800513,Uhwiesen - Feuerthalen,47.6705104,8.6366608,yellow::yellow_diamond,2024-11-22 15:07:04
15801697,Uhwiesen Rebhof - Schlatt,47.6728988,8.6329185,yellow::yellow_diamond,2024-11-22 15:07:04
15801698,Uhwiesen Rebhof - Laufen Rheinfall,47.6730832,8.631638,yellow::yellow_diamond,2024-11-22 15:07:04
15806068,Schaffhausen - Charlottefels,47.6960225,8.6302295,yellow::yellow_diamond,2024-11-22 15:07:04
15822776,Feuerthalen Brücke - Feuerthalen,47.6943,8.6423218,yellow::yellow_diamond,2024-11-22 15:07:04
15993673,Dietikon - Rüteren,47.4029565,8.3941225,yellow::yellow_diamond,2024-11-22 15:07:04
16017422,Oberfurgglen - Mattstock,47.1633967,9.1363498,red:white:red_bar,2024-11-22 15:07:04
16017423,Walau - Mattstock,47.1679727,9.1410821,red:white:red_bar,2024-11-22 15:07:04
16025909,Iseltwald - Giessbach (Uferweg),46.7229365,7.991313,yellow::yellow_diamond,2024-11-22 15:07:04
16075773,Martinsbrünneli - Schönau,47.2432623,8.8344797,yellow::yellow_diamond,2024-11-22 15:07:04
16078807,Schönau - Rotenweg,47.2424822,8.8247209,yellow::yellow_diamond,2024-11-22 15:07:04
16143807,Waldparkplatz Entengraben - Litzelstetten Sportzentrum,47.7062136,9.1657855,yellow:white:yellow_diamond,2024-11-22 15:07:04
16143813,Homberg - Dingelsdorfer Ried Dammweg,47.7254151,9.1388928,yellow:white:yellow_diamond,2024-11-22 15:07:04
16143814,Dettingen Pappelweg - Homberg,47.7277714,9.1279043,yellow:white:yellow_diamond,2024-11-22 15:07:04
16163874,Universität Parkplatz Nord - Konstanz Egg,47.6921489,9.1879146,yellow:white:yellow_diamond,2024-11-22 15:07:04
16164788,Dingelsdorf Am Tobel - Dingelsdorf Dorfplatz,47.739383,9.156359,yellow:white:yellow_diamond,2024-11-22 15:07:04
16207336,Am Gallensberg - Langenrain Schloss,47.7625695,9.0778017,yellow:white:yellow_diamond,2024-11-22 15:07:04
16259919,Eichelrain - Allensbach Gewerbegebiet,47.7230625,9.0776037,yellow:white:yellow_diamond,2024-11-22 15:07:04
16259920,Allensbach Gewerbegebiet - Riesenberg,47.7253817,9.0705836,yellow:white:yellow_diamond,2024-11-22 15:07:04
16259921,Allensbach Gewerbegebiet - Allensbach Reihetal,47.7215443,9.072952,yellow:white:yellow_diamond,2024-11-22 15:07:04
16543015,Cavaione - Rossat - Piana - Lughina,46.2379534,10.1170407,red:white:red_bar,2024-11-22 15:07:04
16659526,Schornerain - Cholerhütte,47.1024215,8.6133669,yellow::yellow_diamond,2024-11-22 15:07:04
16659536,Ramenegg - Nas,47.1076799,8.6158696,yellow::yellow_diamond,2024-11-22 15:07:04
16659539,Sattel Dorf - Hageggli,47.0855101,8.6342178,yellow::yellow_diamond,2024-11-22 15:07:04
17292698,Dorénaz - Les Martenaux,46.1577537,7.0421232,yellow::yellow_diamond,2024-11-22 15:07:04
17311504,La Balmaz - Miéville,46.152554,7.0303149,yellow::yellow_diamond,2024-11-22 15:07:04
17311505,Pont de Collonges - Collonges,46.1699657,7.0322803,yellow::yellow_diamond,2024-11-22 15:07:04
17561110,Gockelsberg - Reitern,47.7227802,9.0923232,yellow:white:yellow_diamond,2024-11-22 15:07:04
17561111,Gockelsberg - Kellhof,47.7277628,9.0845554,yellow:white:yellow_diamond,2024-11-22 15:07:04
17666687,Haagen Lichsen - Hauingen Kirche,47.6412197,7.6872991,yellow:white:yellow_diamond,2024-11-22 15:07:04
17666688,Hockenberg - Scherbenacker,47.6522767,7.6784875,yellow:white:yellow_diamond,2024-11-22 15:07:04
17666689,Am Trimm-Dich-Pfad - Scherbenacker,47.6442355,7.6728232,yellow:white:yellow_diamond,2024-11-22 15:07:04
17666690,Scherbenacker - Haagen Lichsen,47.6413093,7.6796362,yellow:white:yellow_diamond,2024-11-22 15:07:04
17666691,Röttelnweiler Hasenloch - Haagen Lichsen,47.636278,7.673852,yellow:white:yellow_diamond,2024-11-22 15:07:04
17666692,Röttelnweiler Autobahnbrücke - Röttelnweiler Hasenloch,47.6334158,7.6665439,yellow:white:yellow_diamond,2024-11-22 15:07:04
17666698,Wolfsloch - Wittlinger Höhe,47.6560369,7.6701056,yellow:white:yellow_diamond,2024-11-22 15:07:04
17666704,Alte Schmiede - Hasenmatt,47.6672854,7.6650421,yellow:white:yellow_diamond,2024-11-22 15:07:04
17666705,Wollbach Ob dem Rathaus - Alte Schmiede,47.6708446,7.6541308,yellow:white:yellow_diamond,2024-11-22 15:07:04
17666706,Wollbach Kronenplatz - Alte Schmiede,47.6695404,7.6549563,yellow:white:yellow_diamond,2024-11-22 15:07:04
17666715,Obere Soormatt - Jungholzweg,47.6554199,7.6902805,yellow:white:yellow_diamond,2024-11-22 15:07:04
17666716,Obere Soormatt - Weihermatthütte,47.6649185,7.6913269,yellow:white:yellow_diamond,2024-11-22 15:07:04
17666717,Schwygraben - Obere Soormatt,47.6637644,7.6848708,yellow:white:yellow_diamond,2024-11-22 15:07:04
17666718,Schwygraben - Hexenbrünnli,47.666392,7.6825091,yellow:white:yellow_diamond,2024-11-22 15:07:04
17666719,Hockenberg - Schwygraben,47.6627552,7.6798756,yellow:white:yellow_diamond,2024-11-22 15:07:04
17666720,Wolfsloch - Hockenberg,47.6603957,7.6756431,yellow:white:yellow_diamond,2024-11-22 15:07:04
17666721,Hexenbrünnli - Weihermatthütte,47.6677225,7.689109,yellow:white:yellow_diamond,2024-11-22 15:07:04
17666931,Soleck - Bahnhof Weil am Rhein Ost,47.5864153,7.6320315,yellow:white:yellow_diamond,2024-11-22 15:07:04
17666932,Altweil Lindenplatz - Bahnhof Weil am Rhein Ost,47.5928872,7.6342156,yellow:white:yellow_diamond,2024-11-22 15:07:04
17666950,Käferholz - Tüllingen Hornbrunnenweg,47.6087873,7.642166,yellow:white:yellow_diamond,2024-11-22 15:07:04
17680332,Angerswil - Schluckacker,47.6164304,7.7938987,yellow:white:yellow_diamond,2024-11-22 15:07:04
17680335,Schwinle Kreuz - Schluckacker,47.6121529,7.7996884,yellow:white:yellow_diamond,2024-11-22 15:07:04
17680339,Holzacker - Fellenbühl,47.600849,7.8232326,yellow:white:yellow_diamond,2024-11-22 15:07:04
17680340,Schwinle Kreuz - Holzacker,47.6033218,7.8071152,yellow:white:yellow_diamond,2024-11-22 15:07:04
17680346,Sengelen - Schäubler,47.6371305,7.8296804,yellow:white:yellow_diamond,2024-11-22 15:07:04
17680347,Wiechs Rebacker - Sengelen,47.6393379,7.8215549,yellow:white:yellow_diamond,2024-11-22 15:07:04
17680348,Wiechs Rebacker - Schäubler,47.6343801,7.8229894,yellow:white:yellow_diamond,2024-11-22 15:07:04
17680356,Eichen Hof - Zweier,47.6456924,7.8394384,yellow:white:yellow_diamond,2024-11-22 15:07:04
17680361,Wiechs Buurelade - Wiechs Rathausstraße,47.6343694,7.8141977,yellow:white:yellow_diamond,2024-11-22 15:07:04
17695427,Messen Junkholz - Ruppoldsried,47.082708,7.431321,yellow::yellow_diamond,2024-11-22 15:07:04
17695429,Messen Chorber Egge - Messen Junkholz,47.0758782,7.4395278,yellow::yellow_diamond,2024-11-22 15:07:04
17695430,Bangerten - Messen Chorber Egge,47.0651917,7.443402,yellow::yellow_diamond,2024-11-22 15:07:04
17720985,Fischerhaus - Breite,47.7320389,9.0674956,yellow:white:yellow_diamond,2024-11-22 15:07:04
17766055,Vechingen - Egghalde,46.9394365,7.562904,yellow::yellow_diamond,2024-11-22 15:07:04
17766069,Vechingen - Vechigen Hst.,46.9458761,7.5592084,yellow::yellow_diamond,2024-11-22 15:07:04
17768042,Giornico Ost,46.4032222,8.8847888,red:white:red_bar,2024-11-22 15:07:04
17769473,Val Malvaglia,46.385299,9.016974,yellow::yellow_diamond,2024-11-22 15:07:04
17769761,Gemmipass,46.401268,7.5822662,red:white:red_bar,2024-11-22 15:07:04
17769763,Schwarenbach gelb,46.4482178,7.6408228,yellow::yellow_diamond,2024-11-22 15:07:04
17769764,Sunnbüel Ost,46.4587952,7.6565257,red:white:red_bar,2024-11-22 15:07:04
17790321,Amden Ost gelb,47.1475666,9.1611882,yellow::yellow_diamond,2024-11-22 15:07:04
17910874,Winzenau - Winzenau Aareweg,47.3618608,7.9304378,yellow::yellow_diamond,2024-11-22 15:07:04
18077255,Waldkreuzung - Am Rosenegg Hochbehälter,47.7339521,8.8289254,yellow:white:yellow_diamond,2024-11-22 15:07:04
18077256,Zick-Zack-Weg - Am Rosenegg Hochbehälter,47.73534,8.8264161,yellow:white:yellow_diamond,2024-11-22 15:07:04
18077257,Rielasingen Rosenegghall - Am Rosenegg Hochbehälter,47.7343226,8.8336043,yellow:white:yellow_diamond,2024-11-22 15:07:04
18077317,Singen Insel Wehrd - Singen Bahnhof,47.7577405,8.838344,yellow:white:yellow_diamond,2024-11-22 15:07:04
18098795,Langenmoos Firstweg - Löchle,47.6966116,8.9330265,yellow:white:yellow_diamond,2024-11-22 15:07:04
18242821,Weingut Vollmayer - Rennweg,47.7632536,8.8091035,yellow:white:yellow_diamond,2024-11-22 15:07:04
18242830,Singen Fußgängertunnel - Singen Billionenbrücke,47.7639288,8.8274317,yellow:white:yellow_diamond,2024-11-22 15:07:04
18242852,Parkplatz Großtannenwald - ?,47.7712221,8.8617465,yellow:white:yellow_diamond,2024-11-22 15:07:04
18244639,Wiesental - Halden,47.801647,8.7772391,yellow:white:yellow_diamond,2024-11-22 15:07:04
18244640,Mägdeberger Hof - Parkplatz Mägdeberg,47.8045219,8.8030593,yellow:white:yellow_diamond,2024-11-22 15:07:04
18259563,Kesselbrunnen - ?,47.7323515,8.8082954,yellow:white:yellow_diamond,2024-11-22 15:07:04
18259564,Kesselbrunnen - Hinter dem Berg,47.7364416,8.8116731,yellow:white:yellow_diamond,2024-11-22 15:07:04
18260005,Parkplatz Maßholder - Maßholder Schorengrabenweg,47.6816826,8.9198148,yellow:white:yellow_diamond,2024-11-22 15:07:04
18260006,Zinsloh - Parkplatz Maßholder,47.6780111,8.9134696,yellow:white:yellow_diamond,2024-11-22 15:07:04
18260007,Zinsloh - Schienen Bürgerhaus,47.6831123,8.9050978,yellow:white:yellow_diamond,2024-11-22 15:07:04
18260008,Schienen Forsthaus - Schienen Bürgerhaus,47.6877895,8.9004256,yellow:white:yellow_diamond,2024-11-22 15:07:04
18260012,Firstweg Ewigkeit - Schienen Gasthaus Hirschen,47.6921754,8.9110809,yellow:white:yellow_diamond,2024-11-22 15:07:04
18260252,Wolfacker - Feldkreuz Hittisheim,47.7116964,8.8593796,yellow:white:yellow_diamond,2024-11-22 15:07:04
18260253,Worblingen Schwimmbad - Feldkreuz Hittisheim,47.7167814,8.8653472,yellow:white:yellow_diamond,2024-11-22 15:07:04
18260254,Bohlingen Zum Stationenweg - Heerenweg,47.7167018,8.8901453,yellow:white:yellow_diamond,2024-11-22 15:07:04
18260258,Worblingen Schwimmbad - Worblingen Aachbrückle,47.7213082,8.8658218,yellow:white:yellow_diamond,2024-11-22 15:07:04
18260271,Hagenbuchenparkplatz - Vor Berg,47.7101189,8.8721935,yellow:white:yellow_diamond,2024-11-22 15:07:04
18260272,Hagenbuchenparkplatz - Hagenbuchen,47.7112108,8.8737039,yellow:white:yellow_diamond,2024-11-22 15:07:04
18260273,Sandehre - Hagenbuchenparkplatz,47.7123257,8.8744691,yellow:white:yellow_diamond,2024-11-22 15:07:04
18260275,Sandehre - Hittisheimer Straße,47.7131055,8.8742499,yellow:white:yellow_diamond,2024-11-22 15:07:04
18260276,Heerenweg - Sandehre,47.7136563,8.8825561,yellow:white:yellow_diamond,2024-11-22 15:07:04
18260277,Am Kastenbühl - Heerenweg,47.7098214,8.8882217,yellow:white:yellow_diamond,2024-11-22 15:07:04
